State,District,Arrival_date,Variety,Amount Sold,Modal_price
Chattisgarh,Balodabazar,Apr,Other,3.1,2933.333333
Chattisgarh,Balodabazar,Feb,Other,15.5,3182.928571
Chattisgarh,Balodabazar,Jan,Other,6.9,3144.666667
Chattisgarh,Balodabazar,Jul,Other,1.5,3139.75
Chattisgarh,Balodabazar,Jun,Other,1.3,3160.666667
Chattisgarh,Balodabazar,Mar,Other,4.4,2909.625
Chattisgarh,Balodabazar,May,Other,5.3,3099.1
Chattisgarh,Balodabazar,Nov,Other,40.2,3132
Chattisgarh,Balodabazar,Oct,Other,21.9,2930
Chattisgarh,Balodabazar,Sep,Other,2,2952.5
Chattisgarh,Bemetara,Jul,Yellow,113,3333.333333
Chattisgarh,Bemetara,Jun,Yellow,125,3400
Chattisgarh,Bilaspur,Mar,Local,0.8,3000
Chattisgarh,Durg,Apr,Yellow,208.8,3417.5
Chattisgarh,Durg,Aug,Yellow,54,3387.5
Chattisgarh,Durg,Feb,Other,599,3650
Chattisgarh,Durg,Feb,Yellow,599,3529.166667
Chattisgarh,Durg,Jan,Yellow,958.5,3457.333333
Chattisgarh,Durg,Jan,Other,958.5,3411
Chattisgarh,Durg,Jul,Yellow,456,3425
Chattisgarh,Durg,Jun,Yellow,15,3466.666667
Chattisgarh,Durg,Mar,Other,230.6,3298
Chattisgarh,Durg,Mar,Yellow,230.6,3375
Chattisgarh,Durg,May,Yellow,234,3225
Chattisgarh,Durg,Nov,Yellow,579.5,3362.5
Chattisgarh,Durg,Oct,Yellow,985.6,3290
Chattisgarh,Durg,Sep,Yellow,29.6,3400
Chattisgarh,Kabirdham,Apr,Yellow,612.3,3480.117647
Chattisgarh,Kabirdham,Aug,Yellow,131.5,3382.2
Chattisgarh,Kabirdham,Feb,Other,287.3,3100
Chattisgarh,Kabirdham,Feb,Yellow,287.3,3338
Chattisgarh,Kabirdham,Jan,Yellow,242.4,3430.466667
Chattisgarh,Kabirdham,Jul,Yellow,217.7,3440.136364
Chattisgarh,Kabirdham,Jun,Yellow,278.1,3326.8
Chattisgarh,Kabirdham,Mar,Yellow,434.5,3323.85
Chattisgarh,Kabirdham,May,Yellow,279.1,3436.315789
Chattisgarh,Kabirdham,Nov,Yellow,2531.3,3302.833333
Chattisgarh,Kabirdham,Oct,Yellow,1435.8,3389.75
Chattisgarh,Kabirdham,Sep,Yellow,80.4,3411.142857
Chattisgarh,Mungeli,Apr,Yellow,47.8,3364.714286
Chattisgarh,Mungeli,Aug,Yellow,28,3328
Chattisgarh,Mungeli,Feb,Yellow,96.5,3395
Chattisgarh,Mungeli,Jan,Yellow,151.9,3486.75
Chattisgarh,Mungeli,Jul,Yellow,106.3,3375.823529
Chattisgarh,Mungeli,Jun,Yellow,254.1,3358.473684
Chattisgarh,Mungeli,Mar,Yellow,55.7,3320.4375
Chattisgarh,Mungeli,May,Yellow,162.6,3422.818182
Chattisgarh,Mungeli,Nov,Yellow,2049.6,3357.166667
Chattisgarh,Mungeli,Oct,Yellow,1434.6,3347
Chattisgarh,Mungeli,Sep,Yellow,49.5,3338
Chattisgarh,Narayanpur,Jun,Soybean,0.3,2900
Chattisgarh,Raipur,Apr,Yellow,500,3000
Chattisgarh,Raipur,Feb,Soybean,312.9,3456
Chattisgarh,Raipur,Feb,Yellow,312.9,3200
Chattisgarh,Raipur,Jan,Yellow,630.2,3000
Chattisgarh,Raipur,Jan,Soybean,630.2,3242.5
Chattisgarh,Raipur,Jul,Yellow,41.6,3000
Chattisgarh,Raipur,Jul,Soybean,41.6,3556
Chattisgarh,Raipur,Jun,Soybean,39.3,3649
Chattisgarh,Raipur,Mar,Soybean,0.2,2000
Chattisgarh,Raipur,May,Yellow,775.4,3000
Chattisgarh,Raipur,May,Soybean,775.4,3755
Chattisgarh,Rajnandgaon,Apr,Local,4405.8,3572
Chattisgarh,Rajnandgaon,Apr,Soybean,4405.8,3399
Chattisgarh,Rajnandgaon,Apr,Yellow,4405.8,3568.92
Chattisgarh,Rajnandgaon,Aug,Local,2396.4,3565
Chattisgarh,Rajnandgaon,Aug,Other,2396.4,3300
Chattisgarh,Rajnandgaon,Aug,Yellow,2396.4,3551.25
Chattisgarh,Rajnandgaon,Feb,Other,4166.9,3300
Chattisgarh,Rajnandgaon,Feb,Soybean,4166.9,3399.2
Chattisgarh,Rajnandgaon,Feb,Yellow,4166.9,3580.904762
Chattisgarh,Rajnandgaon,Feb,Local,4166.9,3591.1875
Chattisgarh,Rajnandgaon,Jan,Yellow,2946.9,3582.526316
Chattisgarh,Rajnandgaon,Jan,Soybean,2946.9,3399
Chattisgarh,Rajnandgaon,Jan,Other,2946.9,2950
Chattisgarh,Rajnandgaon,Jan,Local,2946.9,3596.166667
Chattisgarh,Rajnandgaon,Jul,Yellow,2320.3,3530.027778
Chattisgarh,Rajnandgaon,Jul,Other,2320.3,3099.8
Chattisgarh,Rajnandgaon,Jul,Local,2320.3,3505.666667
Chattisgarh,Rajnandgaon,Jun,Yellow,2396.5,3532.84375
Chattisgarh,Rajnandgaon,Jun,Local,2396.5,3592.666667
Chattisgarh,Rajnandgaon,Jun,Other,2396.5,3300
Chattisgarh,Rajnandgaon,Jun,Soybean,2396.5,3399
Chattisgarh,Rajnandgaon,Mar,Yellow,3750.6,3470.294118
Chattisgarh,Rajnandgaon,Mar,Local,3750.6,3482.705882
Chattisgarh,Rajnandgaon,Mar,Soybean,3750.6,3399
Chattisgarh,Rajnandgaon,May,Local,4126.3,3537.5
Chattisgarh,Rajnandgaon,May,Yellow,4126.3,3606.911765
Chattisgarh,Rajnandgaon,May,Soybean,4126.3,3399
Chattisgarh,Rajnandgaon,May,Other,4126.3,3300
Chattisgarh,Rajnandgaon,Nov,Yellow,14381.7,3633.375
Chattisgarh,Rajnandgaon,Nov,Soybean,14381.7,3399
Chattisgarh,Rajnandgaon,Nov,Local,14381.7,3359.6
Chattisgarh,Rajnandgaon,Oct,Other,11207,3300
Chattisgarh,Rajnandgaon,Oct,Soybean,11207,3399
Chattisgarh,Rajnandgaon,Oct,Local,11207,3531
Chattisgarh,Rajnandgaon,Oct,Yellow,11207,3511.333333
Chattisgarh,Rajnandgaon,Sep,Yellow,1331.6,3534.571429
Chattisgarh,Rajnandgaon,Sep,Local,1331.6,3293.2
Gujarat,Amreli,Apr,Other,1.4,3275
Gujarat,Amreli,Apr,Soybean,1.4,3427.5
Gujarat,Amreli,Aug,Other,0.5,2722.5
Gujarat,Amreli,Feb,Other,1.7,3288.75
Gujarat,Amreli,Feb,Soybean,1.7,3397.5
Gujarat,Amreli,Jan,Soybean,2.9,3455
Gujarat,Amreli,Jan,Other,2.9,3361.666667
Gujarat,Amreli,Jul,Soybean,0.3,3242.5
Gujarat,Amreli,Jun,Soybean,0.2,3200
Gujarat,Amreli,Mar,Soybean,2.1,3312.5
Gujarat,Amreli,Mar,Other,2.1,3200
Gujarat,Amreli,May,Soybean,0.8,3297.5
Gujarat,Amreli,May,Other,0.8,3325
Gujarat,Amreli,Oct,Soybean,4.3,3500
Gujarat,Amreli,Sep,Soybean,0.1,3500
Gujarat,Bhavnagar,Apr,Other,0.1,3290
Gujarat,Bhavnagar,Aug,Other,0.05,2725
Gujarat,Bhavnagar,Feb,Other,0.12,3108.333333
Gujarat,Bhavnagar,May,Other,355,3100
Gujarat,Bhavnagar,Oct,Other,353,2820
Gujarat,Bhavnagar,Sep,Other,353,3105
Gujarat,Dahod,Apr,Soybean,827.7,3710.9375
Gujarat,Dahod,Aug,Soybean,831.3,3630
Gujarat,Dahod,Feb,Soybean,1079.5,3714.52381
Gujarat,Dahod,Jan,Soybean,2660.9,3742.272727
Gujarat,Dahod,Jan,Other,2660.9,3187.5
Gujarat,Dahod,Jul,Soybean,1116.6,3590.047619
Gujarat,Dahod,Jun,Soybean,918.6,3695.47619
Gujarat,Dahod,Mar,Soybean,874.4,3661.578947
Gujarat,Dahod,May,Soybean,990.3,3756.608696
Gujarat,Dahod,Nov,Soybean,6085.6,3684.285714
Gujarat,Dahod,Nov,Other,6085.6,3200
Gujarat,Dahod,Oct,Soybean,1230.7,3640
Gujarat,Dahod,Sep,Soybean,450.4,3640
Gujarat,Jamnagar,Apr,Soybean,2.6,3025
Gujarat,Jamnagar,Aug,Soybean,0.2,3050
Gujarat,Jamnagar,Feb,Soybean,2.3,3250
Gujarat,Jamnagar,Jan,Soybean,9.5,3435.714286
Gujarat,Jamnagar,Jul,Soybean,0.7,3650
Gujarat,Jamnagar,Jun,Soybean,0.3,3350
Gujarat,Jamnagar,Mar,Soybean,123,3100
Gujarat,Jamnagar,May,Soybean,0.7,3120
Gujarat,Jamnagar,Nov,Soybean,0.2,3625
Gujarat,Jamnagar,Oct,Soybean,0.5,3200
Gujarat,Junagarh,Apr,Soybean,109.4,3345
Gujarat,Junagarh,Aug,Soybean,54.5,3441.666667
Gujarat,Junagarh,Feb,Soybean,273.4,3501.842105
Gujarat,Junagarh,Jan,Soybean,692,3514.473684
Gujarat,Junagarh,Jan,Other,692,3265
Gujarat,Junagarh,Jul,Soybean,77.7,3330.294118
Gujarat,Junagarh,Jun,Soybean,87.5,3425.357143
Gujarat,Junagarh,Mar,Soybean,85.9,3473.75
Gujarat,Junagarh,May,Soybean,144.7,3426.5
Gujarat,Junagarh,Nov,Soybean,2986,3464.285714
Gujarat,Junagarh,Oct,Soybean,427.1,3365
Gujarat,Junagarh,Sep,Soybean,119.3,3433.333333
Gujarat,Rajkot,Apr,Yellow,44.6,3422.857143
Gujarat,Rajkot,Apr,Soybean,44.6,3150
Gujarat,Rajkot,Apr,Other,44.6,3129.375
Gujarat,Rajkot,Aug,Other,322.7,2955
Gujarat,Rajkot,Aug,Yellow,322.7,3386.25
Gujarat,Rajkot,Aug,Soybean,322.7,3350
Gujarat,Rajkot,Feb,Other,89.2,2495.625
Gujarat,Rajkot,Feb,Soybean,89.2,3440
Gujarat,Rajkot,Feb,Yellow,89.2,3441.666667
Gujarat,Rajkot,Jan,Soybean,170.6,3483.333333
Gujarat,Rajkot,Jan,Other,170.6,2783.333333
Gujarat,Rajkot,Jan,Yellow,170.6,3482.142857
Gujarat,Rajkot,Jul,Other,477.1,3133.75
Gujarat,Rajkot,Jul,Soybean,477.1,3183.333333
Gujarat,Rajkot,Jul,Yellow,477.1,3350.625
Gujarat,Rajkot,Jun,Soybean,66.1,3550
Gujarat,Rajkot,Jun,Yellow,66.1,3446.666667
Gujarat,Rajkot,Jun,Other,66.1,3345
Gujarat,Rajkot,Mar,Other,40.7,2606.375
Gujarat,Rajkot,Mar,Soybean,40.7,3300
Gujarat,Rajkot,Mar,Yellow,40.7,3407.5
Gujarat,Rajkot,May,Other,120.4,3302.083333
Gujarat,Rajkot,May,Soybean,120.4,3400
Gujarat,Rajkot,May,Yellow,120.4,3422.727273
Gujarat,Rajkot,Nov,Other,6052.7,3000
Gujarat,Rajkot,Nov,Yellow,6052.7,3455
Gujarat,Rajkot,Oct,Other,981.7,3232.5
Gujarat,Rajkot,Oct,Soybean,981.7,3300
Gujarat,Rajkot,Oct,Yellow,981.7,3455
Gujarat,Rajkot,Sep,Soybean,348.3,3250
Gujarat,Rajkot,Sep,Other,348.3,3187.5
Gujarat,Rajkot,Sep,Yellow,348.3,3373.75
Gujarat,Sabarkantha,Apr,Yellow,9.8,3475
Gujarat,Sabarkantha,Apr,Other,9.8,3569.333333
Gujarat,Sabarkantha,Aug,Yellow,6,3412.5
Gujarat,Sabarkantha,Aug,Other,6,3568.333333
Gujarat,Sabarkantha,Feb,Other,1162.6,3690.633333
Gujarat,Sabarkantha,Feb,Yellow,1162.6,3526.923077
Gujarat,Sabarkantha,Jan,Other,1709,3608.2
Gujarat,Sabarkantha,Jan,Yellow,1709,3509.761905
Gujarat,Sabarkantha,Jul,Other,26.9,2722
Gujarat,Sabarkantha,Jul,Yellow,26.9,3296.875
Gujarat,Sabarkantha,Jun,Other,18.5,2639.666667
Gujarat,Sabarkantha,Jun,Yellow,18.5,3456.25
Gujarat,Sabarkantha,Mar,Yellow,159.4,3370
Gujarat,Sabarkantha,Mar,Other,159.4,2829
Gujarat,Sabarkantha,May,Other,0.8,3730
Gujarat,Sabarkantha,May,Yellow,0.8,3420
Gujarat,Sabarkantha,Nov,Other,9754,3445
Gujarat,Sabarkantha,Nov,Yellow,9754,3258.333333
Gujarat,Sabarkantha,Oct,Other,71,3445
Gujarat,Sabarkantha,Oct,Yellow,71,3225
Gujarat,Sabarkantha,Sep,Other,2,2606.5
Gujarat,Sabarkantha,Sep,Yellow,2,4587.5
Gujarat,Surat,Apr,Other,12.74,3366.666667
Gujarat,Surat,Aug,Other,54,3212.5
Gujarat,Surat,Feb,Other,4.51,2956.25
Gujarat,Surat,Jan,Other,0.9,2875
Gujarat,Surat,Jan,Yellow,0.9,3737
Gujarat,Surat,Jul,Other,4.5,2808.333333
Gujarat,Surat,Jun,Other,0.12,3325
Gujarat,Surat,Mar,Other,9.94,3229
Gujarat,Surat,May,Other,0.13,3400
Gujarat,Surat,Nov,Other,867.12,3000
Gujarat,Surat,Oct,Other,92.46,3000
Gujarat,Surat,Sep,Other,35,3287.5
Gujarat,Vadodara,Jan,Soybean,23.5,3225
Karnataka,Bangalore,Apr,Soybean,16,4490
Karnataka,Bangalore,Aug,Soybean,27,4425
Karnataka,Bangalore,Feb,Soybean,17,4530
Karnataka,Bangalore,Jan,Soybean,16,4600
Karnataka,Bangalore,Jul,Soybean,10,4508.333333
Karnataka,Bangalore,Jun,Soybean,13,4560
Karnataka,Bangalore,Mar,Soybean,24,4350
Karnataka,Bangalore,May,Soybean,39,4588.888889
Karnataka,Bangalore,Nov,Soybean,9,4475
Karnataka,Bangalore,Oct,Soybean,33,4600
Karnataka,Belgaum,Apr,Soybean,1795,3560
Karnataka,Belgaum,Apr,Local,1795,3619.333333
Karnataka,Belgaum,Aug,Soybean,432,3700
Karnataka,Belgaum,Aug,Local,432,3584
Karnataka,Belgaum,Feb,Soybean,1854,3608.857143
Karnataka,Belgaum,Feb,Local,1854,3576.5
Karnataka,Belgaum,Jan,Local,4009,3615.5
Karnataka,Belgaum,Jan,Soybean,4009,3403.75
Karnataka,Belgaum,Jan,Other,4009,3800
Karnataka,Belgaum,Jul,Local,219,3518.333333
Karnataka,Belgaum,Jul,Soybean,219,3350
Karnataka,Belgaum,Jun,Soybean,327,3500
Karnataka,Belgaum,Jun,Local,327,3574.615385
Karnataka,Belgaum,Mar,Soybean,1384,3681.5
Karnataka,Belgaum,Mar,Local,1384,3561.052632
Karnataka,Belgaum,May,Soybean,589,3700
Karnataka,Belgaum,May,Local,589,3618.571429
Karnataka,Belgaum,Nov,Soybean,5477,3700
Karnataka,Belgaum,Nov,Local,5477,3570
Karnataka,Belgaum,Oct,Local,3080,3592.5
Karnataka,Belgaum,Oct,Soybean,3080,3672
Karnataka,Belgaum,Sep,Local,432,3597.5
Karnataka,Belgaum,Sep,Soybean,432,3700
Karnataka,Bidar,Apr,Soybean,1126,3629.095238
Karnataka,Bidar,Aug,Soybean,455,3643.75
Karnataka,Bidar,Feb,Soybean,1378,3632.566667
Karnataka,Bidar,Jan,Soybean,4110,3635
Karnataka,Bidar,Jul,Soybean,195,3587.222222
Karnataka,Bidar,Jun,Soybean,524,3692
Karnataka,Bidar,Mar,Soybean,841,3587
Karnataka,Bidar,May,Soybean,542,3645.888889
Karnataka,Bidar,Nov,Soybean,17638,3580.125
Karnataka,Bidar,Oct,Soybean,11138,3570.5
Karnataka,Bidar,Sep,Soybean,455,3637.428571
Karnataka,Dharwad,Apr,Soybean,4288,3507.533333
Karnataka,Dharwad,Aug,Soybean,1859,3491.428571
Karnataka,Dharwad,Feb,Soybean,2368,3521.942308
Karnataka,Dharwad,Jan,Soybean,2418,3468.5
Karnataka,Dharwad,Jul,Soybean,673,3505.815789
Karnataka,Dharwad,Jun,Soybean,692,3513.72
Karnataka,Dharwad,Mar,Soybean,2013,3458.636364
Karnataka,Dharwad,May,Soybean,2587,3513.647059
Karnataka,Dharwad,Nov,Soybean,458,3489.642857
Karnataka,Dharwad,Oct,Soybean,559,3449.125
Karnataka,Dharwad,Sep,Soybean,1859,3444.090909
Karnataka,Gulbarga,Apr,Soybean,114,3193
Karnataka,Gulbarga,Aug,Soybean,254,3326
Karnataka,Gulbarga,Feb,Soybean,211,3378.647059
Karnataka,Gulbarga,Jan,Soybean,288,3248.125
Karnataka,Gulbarga,Jul,Soybean,5,3335.8
Karnataka,Gulbarga,Jun,Soybean,42,3331.5
Karnataka,Gulbarga,Mar,Soybean,146,3202.076923
Karnataka,Gulbarga,May,Soybean,21,3306.428571
Karnataka,Gulbarga,Nov,Soybean,697,3226.4
Karnataka,Gulbarga,Oct,Soybean,243,3192.333333
Karnataka,Gulbarga,Sep,Soybean,54,3291.2
Karnataka,Haveri,Apr,Soybean,1062,3608.458333
Karnataka,Haveri,Aug,Soybean,273,3578.714286
Karnataka,Haveri,Feb,Soybean,427,3566.041667
Karnataka,Haveri,Jan,Soybean,383,3590.870968
Karnataka,Haveri,Jul,Soybean,223,3598.95
Karnataka,Haveri,Jun,Soybean,332,3604.153846
Karnataka,Haveri,Mar,Soybean,544,3526.68
Karnataka,Haveri,May,Soybean,681,3576.4375
Karnataka,Haveri,Nov,Soybean,863,3593
Karnataka,Haveri,Oct,Soybean,358,3515
Karnataka,Haveri,Sep,Soybean,273,3553.75
Karnataka,Karwar(Uttar Kannad),Oct,Soybean,25,3650
Madhya Pradesh,Alirajpur,Apr,Other,1696.81,3441.125
Madhya Pradesh,Alirajpur,Aug,Other,1024.25,3356.818182
Madhya Pradesh,Alirajpur,Feb,Other,1298.1,3266.551724
Madhya Pradesh,Alirajpur,Jan,Other,1615.2,3289.354839
Madhya Pradesh,Alirajpur,Jul,Other,1529.62,3285
Madhya Pradesh,Alirajpur,Jun,Other,1396.78,3425
Madhya Pradesh,Alirajpur,Mar,Other,1741.4,3302.62963
Madhya Pradesh,Alirajpur,May,Other,1821.55,3398.181818
Madhya Pradesh,Alirajpur,Nov,Other,1718.4,3349.2
Madhya Pradesh,Alirajpur,Oct,Other,805.5,3401.875
Madhya Pradesh,Alirajpur,Sep,Other,857.2,2448
Madhya Pradesh,Anupur,Aug,Other,245,4500
Madhya Pradesh,Anupur,Jan,Other,3,3000
Madhya Pradesh,Ashoknagar,Apr,Yellow,2296.2,3513.958333
Madhya Pradesh,Ashoknagar,Apr,Other,2296.2,3444.5
Madhya Pradesh,Ashoknagar,Apr,Soybean,2296.2,3366.666667
Madhya Pradesh,Ashoknagar,Aug,Other,2562,3488.4
Madhya Pradesh,Ashoknagar,Aug,Yellow,2562,3428.769231
Madhya Pradesh,Ashoknagar,Aug,Soybean,2562,3200
Madhya Pradesh,Ashoknagar,Feb,Soybean,5271.7,3368.75
Madhya Pradesh,Ashoknagar,Feb,Yellow,5271.7,3477.413043
Madhya Pradesh,Ashoknagar,Feb,Other,5271.7,3331.9
Madhya Pradesh,Ashoknagar,Jan,Soybean,13407.1,3357.142857
Madhya Pradesh,Ashoknagar,Jan,Other,13407.1,3511.318182
Madhya Pradesh,Ashoknagar,Jan,Yellow,13407.1,3424.594595
Madhya Pradesh,Ashoknagar,Jul,Soybean,5166.3,3299.666667
Madhya Pradesh,Ashoknagar,Jul,Other,5166.3,3413.785714
Madhya Pradesh,Ashoknagar,Jul,Yellow,5166.3,3398.102564
Madhya Pradesh,Ashoknagar,Jun,Soybean,4501.5,3500
Madhya Pradesh,Ashoknagar,Jun,Yellow,4501.5,3500.863636
Madhya Pradesh,Ashoknagar,Jun,Other,4501.5,3399.5
Madhya Pradesh,Ashoknagar,Mar,Soybean,3482.9,3100
Madhya Pradesh,Ashoknagar,Mar,Other,3482.9,3351.5
Madhya Pradesh,Ashoknagar,Mar,Yellow,3482.9,3471.545455
Madhya Pradesh,Ashoknagar,May,Soybean,1326.9,3299.5
Madhya Pradesh,Ashoknagar,May,Other,1326.9,3435.5
Madhya Pradesh,Ashoknagar,May,Yellow,1326.9,3548
Madhya Pradesh,Ashoknagar,Nov,Soybean,44395,3200
Madhya Pradesh,Ashoknagar,Nov,Other,44395,3467.75
Madhya Pradesh,Ashoknagar,Nov,Yellow,44395,3517.833333
Madhya Pradesh,Ashoknagar,Oct,Soybean,27809.4,3200
Madhya Pradesh,Ashoknagar,Oct,Other,27809.4,3555
Madhya Pradesh,Ashoknagar,Oct,Yellow,27809.4,3466
Madhya Pradesh,Ashoknagar,Sep,Yellow,469.2,3460.875
Madhya Pradesh,Ashoknagar,Sep,Soybean,469.2,3100
Madhya Pradesh,Ashoknagar,Sep,Other,469.2,3430.5
Madhya Pradesh,Badwani,Apr,Yellow,87.69,3554.25
Madhya Pradesh,Badwani,Apr,Other,87.69,3757
Madhya Pradesh,Badwani,Aug,Yellow,92.6,3468.142857
Madhya Pradesh,Badwani,Aug,Other,92.6,3197.666667
Madhya Pradesh,Badwani,Feb,Yellow,348.89,3600.666667
Madhya Pradesh,Badwani,Feb,Other,348.89,3375
Madhya Pradesh,Badwani,Jan,Soybean,627.05,3024
Madhya Pradesh,Badwani,Jan,Yellow,627.05,3571.095238
Madhya Pradesh,Badwani,Jan,Other,627.05,3243.75
Madhya Pradesh,Badwani,Jul,Other,171.3,3375
Madhya Pradesh,Badwani,Jul,Yellow,171.3,3413.5
Madhya Pradesh,Badwani,Jun,Yellow,103,3462.875
Madhya Pradesh,Badwani,Jun,Other,103,3150
Madhya Pradesh,Badwani,Mar,Other,167.57,3430.2
Madhya Pradesh,Badwani,Mar,Yellow,167.57,3498
Madhya Pradesh,Badwani,May,Other,90.7,3300
Madhya Pradesh,Badwani,May,Yellow,90.7,3514.923077
Madhya Pradesh,Badwani,Nov,Soybean,551.44,3000
Madhya Pradesh,Badwani,Nov,Other,551.44,3375
Madhya Pradesh,Badwani,Nov,Yellow,551.44,3581.166667
Madhya Pradesh,Badwani,Oct,Other,94.38,3218.5
Madhya Pradesh,Badwani,Oct,Yellow,94.38,3501.4
Madhya Pradesh,Badwani,Sep,Other,118.85,3311
Madhya Pradesh,Badwani,Sep,Yellow,118.85,3482.125
Madhya Pradesh,Betul,Apr,Yellow,7289.28,3575.789474
Madhya Pradesh,Betul,Apr,Other,7289.28,3551.1
Madhya Pradesh,Betul,Aug,Yellow,4432,3499.5
Madhya Pradesh,Betul,Feb,Yellow,2968.7,3555.484848
Madhya Pradesh,Betul,Jan,Yellow,6305.5,3544.294118
Madhya Pradesh,Betul,Jan,Other,6305.5,3680
Madhya Pradesh,Betul,Jul,Yellow,8174,3480.25
Madhya Pradesh,Betul,Jun,Yellow,6881.6,3539.882353
Madhya Pradesh,Betul,Mar,Yellow,3410,3543.5
Madhya Pradesh,Betul,May,Other,6970.1,3580
Madhya Pradesh,Betul,May,Local,6970.1,3670
Madhya Pradesh,Betul,May,Yellow,6970.1,3639.76
Madhya Pradesh,Betul,Nov,Yellow,3623.2,3507
Madhya Pradesh,Betul,Oct,Other,244.5,3550
Madhya Pradesh,Betul,Oct,Yellow,244.5,3487.666667
Madhya Pradesh,Betul,Sep,Yellow,6252.7,3540.75
Madhya Pradesh,Bhopal,Apr,Yellow,1303,3400.888889
Madhya Pradesh,Bhopal,Apr,Soybean,1303,3363.75
Madhya Pradesh,Bhopal,Aug,Yellow,1204.1,3324.272727
Madhya Pradesh,Bhopal,Aug,Soybean,1204.1,3432
Madhya Pradesh,Bhopal,Feb,Soybean,2260,3434.125
Madhya Pradesh,Bhopal,Feb,Yellow,2260,3477.444444
Madhya Pradesh,Bhopal,Jan,Soybean,7918.4,3404
Madhya Pradesh,Bhopal,Jan,Yellow,7918.4,3498.166667
Madhya Pradesh,Bhopal,Jan,Other,7918.4,3568
Madhya Pradesh,Bhopal,Jul,Soybean,3821.3,3400.263158
Madhya Pradesh,Bhopal,Jul,Other,3821.3,3570
Madhya Pradesh,Bhopal,Jul,Yellow,3821.3,3422.447368
Madhya Pradesh,Bhopal,Jun,Soybean,1502.6,3466.111111
Madhya Pradesh,Bhopal,Jun,Yellow,1502.6,3493
Madhya Pradesh,Bhopal,Mar,Soybean,1558.8,3409.411765
Madhya Pradesh,Bhopal,Mar,Yellow,1558.8,3401.771429
Madhya Pradesh,Bhopal,May,Soybean,502.2,3433.461538
Madhya Pradesh,Bhopal,May,Other,502.2,3609
Madhya Pradesh,Bhopal,May,Yellow,502.2,3432.577778
Madhya Pradesh,Bhopal,Nov,Soybean,20347.7,3411.666667
Madhya Pradesh,Bhopal,Nov,Yellow,20347.7,3459.333333
Madhya Pradesh,Bhopal,Oct,Soybean,12566.3,3320
Madhya Pradesh,Bhopal,Oct,Yellow,12566.3,3383.333333
Madhya Pradesh,Bhopal,Sep,Soybean,1400.2,3376.25
Madhya Pradesh,Bhopal,Sep,Yellow,1400.2,3365.8
Madhya Pradesh,Burhanpur,Apr,Yellow,160.5,3391.833333
Madhya Pradesh,Burhanpur,Apr,Other,160.5,3350
Madhya Pradesh,Burhanpur,Aug,Yellow,68.7,3358
Madhya Pradesh,Burhanpur,Feb,Yellow,123.2,3455.307692
Madhya Pradesh,Burhanpur,Feb,Other,123.2,3411
Madhya Pradesh,Burhanpur,Jan,Yellow,974.7,3584.045455
Madhya Pradesh,Burhanpur,Jul,Other,172.9,3397.666667
Madhya Pradesh,Burhanpur,Jul,Yellow,172.9,3428.714286
Madhya Pradesh,Burhanpur,Jun,Other,129.1,3428
Madhya Pradesh,Burhanpur,Jun,Yellow,129.1,3480.727273
Madhya Pradesh,Burhanpur,Mar,Other,53.3,3100.333333
Madhya Pradesh,Burhanpur,Mar,Yellow,53.3,3422.454545
Madhya Pradesh,Burhanpur,May,Other,87.9,3571.2
Madhya Pradesh,Burhanpur,May,Yellow,87.9,3531.857143
Madhya Pradesh,Burhanpur,Nov,Yellow,2412,3522
Madhya Pradesh,Burhanpur,Oct,Other,782.8,3400
Madhya Pradesh,Burhanpur,Oct,Yellow,782.8,3485.333333
Madhya Pradesh,Burhanpur,Sep,Yellow,126.9,3525
Madhya Pradesh,Chhatarpur,Apr,Yellow,4055.11,3466.666667
Madhya Pradesh,Chhatarpur,Apr,Black,4055.11,3250
Madhya Pradesh,Chhatarpur,Apr,Other,4055.11,3394.583333
Madhya Pradesh,Chhatarpur,Apr,Soybean,4055.11,3385.2
Madhya Pradesh,Chhatarpur,Aug,Yellow,3359.29,3400
Madhya Pradesh,Chhatarpur,Aug,Other,3359.29,3418
Madhya Pradesh,Chhatarpur,Aug,Soybean,3359.29,3347
Madhya Pradesh,Chhatarpur,Feb,Soybean,2132.01,3438.538462
Madhya Pradesh,Chhatarpur,Feb,Yellow,2132.01,3475
Madhya Pradesh,Chhatarpur,Feb,Other,2132.01,3519
Madhya Pradesh,Chhatarpur,Jan,Yellow,1900.77,3440
Madhya Pradesh,Chhatarpur,Jan,Soybean,1900.77,3448.923077
Madhya Pradesh,Chhatarpur,Jan,Other,1900.77,3554.444444
Madhya Pradesh,Chhatarpur,Jan,Black,1900.77,3000
Madhya Pradesh,Chhatarpur,Jul,Soybean,814.18,3340.157895
Madhya Pradesh,Chhatarpur,Jul,Other,814.18,3399.411765
Madhya Pradesh,Chhatarpur,Jul,Black,814.18,3200
Madhya Pradesh,Chhatarpur,Jul,Yellow,814.18,3475
Madhya Pradesh,Chhatarpur,Jun,Soybean,643.57,3421
Madhya Pradesh,Chhatarpur,Jun,Black,643.57,3177.5
Madhya Pradesh,Chhatarpur,Jun,Other,643.57,3355.555556
Madhya Pradesh,Chhatarpur,Jun,Yellow,643.57,3450
Madhya Pradesh,Chhatarpur,Mar,Other,4804.17,3317.666667
Madhya Pradesh,Chhatarpur,Mar,Soybean,4804.17,3333.805556
Madhya Pradesh,Chhatarpur,Mar,Black,4804.17,3050
Madhya Pradesh,Chhatarpur,Mar,Yellow,4804.17,3429.166667
Madhya Pradesh,Chhatarpur,May,Other,1993.67,3393.076923
Madhya Pradesh,Chhatarpur,May,Soybean,1993.67,3414.689655
Madhya Pradesh,Chhatarpur,May,Black,1993.67,3290
Madhya Pradesh,Chhatarpur,May,Yellow,1993.67,3457.142857
Madhya Pradesh,Chhatarpur,Nov,Soybean,1102.6,3415.5
Madhya Pradesh,Chhatarpur,Nov,Other,1102.6,3462.142857
Madhya Pradesh,Chhatarpur,Nov,Yellow,1102.6,3500
Madhya Pradesh,Chhatarpur,Oct,Soybean,687.83,3337.333333
Madhya Pradesh,Chhatarpur,Oct,Other,687.83,3378
Madhya Pradesh,Chhatarpur,Oct,Yellow,687.83,3500
Madhya Pradesh,Chhatarpur,Sep,Soybean,1716.6,3453.555556
Madhya Pradesh,Chhatarpur,Sep,Other,1716.6,3383.333333
Madhya Pradesh,Chhatarpur,Sep,Yellow,1716.6,3433.333333
Madhya Pradesh,Chhindwara,Apr,Yellow,418.9,3461
Madhya Pradesh,Chhindwara,Apr,Local,418.9,3338.625
Madhya Pradesh,Chhindwara,Apr,Soybean,418.9,3050
Madhya Pradesh,Chhindwara,Apr,Other,418.9,3376
Madhya Pradesh,Chhindwara,Aug,Yellow,272.4,3376.666667
Madhya Pradesh,Chhindwara,Aug,Other,272.4,3355.75
Madhya Pradesh,Chhindwara,Aug,Soybean,272.4,3250
Madhya Pradesh,Chhindwara,Feb,Yellow,79.8,3392
Madhya Pradesh,Chhindwara,Feb,Local,79.8,3545
Madhya Pradesh,Chhindwara,Feb,Other,79.8,3394.466667
Madhya Pradesh,Chhindwara,Jan,Soybean,541.39,2769
Madhya Pradesh,Chhindwara,Jan,Yellow,541.39,3327.222222
Madhya Pradesh,Chhindwara,Jan,Other,541.39,3370.705882
Madhya Pradesh,Chhindwara,Jul,Other,170,3403.5625
Madhya Pradesh,Chhindwara,Jul,Soybean,170,2965
Madhya Pradesh,Chhindwara,Jul,Local,170,3263.75
Madhya Pradesh,Chhindwara,Jul,Yellow,170,3345
Madhya Pradesh,Chhindwara,Jun,Soybean,261.1,3256.5
Madhya Pradesh,Chhindwara,Jun,Other,261.1,3400.933333
Madhya Pradesh,Chhindwara,Jun,Local,261.1,3190.2
Madhya Pradesh,Chhindwara,Jun,Yellow,261.1,3405.333333
Madhya Pradesh,Chhindwara,Mar,Other,201.9,3409.428571
Madhya Pradesh,Chhindwara,Mar,Soybean,201.9,3500
Madhya Pradesh,Chhindwara,Mar,Local,201.9,3366.25
Madhya Pradesh,Chhindwara,Mar,Yellow,201.9,3400.75
Madhya Pradesh,Chhindwara,May,Other,147.8,3384.555556
Madhya Pradesh,Chhindwara,May,Soybean,147.8,3267.5
Madhya Pradesh,Chhindwara,May,Local,147.8,3365
Madhya Pradesh,Chhindwara,May,Yellow,147.8,3428.142857
Madhya Pradesh,Chhindwara,Nov,Other,190.8,3362.666667
Madhya Pradesh,Chhindwara,Nov,Yellow,190.8,3451.666667
Madhya Pradesh,Chhindwara,Oct,Other,108.2,3390.5
Madhya Pradesh,Chhindwara,Oct,Soybean,108.2,2800
Madhya Pradesh,Chhindwara,Oct,Local,108.2,3357
Madhya Pradesh,Chhindwara,Oct,Yellow,108.2,3051.666667
Madhya Pradesh,Chhindwara,Sep,Other,189.3,3245.666667
Madhya Pradesh,Chhindwara,Sep,Local,189.3,3250.5
Madhya Pradesh,Chhindwara,Sep,Yellow,189.3,3370
Madhya Pradesh,Damoh,Apr,Yellow,1658,3499.285714
Madhya Pradesh,Damoh,Apr,Other,1658,3400
Madhya Pradesh,Damoh,Aug,Yellow,2536.5,3422.25
Madhya Pradesh,Damoh,Feb,Yellow,2118,3516.307692
Madhya Pradesh,Damoh,Feb,Other,2118,3367.8
Madhya Pradesh,Damoh,Jan,Yellow,7339.43,3448.806452
Madhya Pradesh,Damoh,Jan,Other,7339.43,3435.666667
Madhya Pradesh,Damoh,Jul,Other,3136,3625
Madhya Pradesh,Damoh,Jul,Yellow,3136,3429.166667
Madhya Pradesh,Damoh,Jun,Yellow,1096,3481.111111
Madhya Pradesh,Damoh,Mar,Other,1099,3465
Madhya Pradesh,Damoh,Mar,Yellow,1099,3407.631579
Madhya Pradesh,Damoh,May,Other,513.1,3703.333333
Madhya Pradesh,Damoh,May,Yellow,513.1,3492.28
Madhya Pradesh,Damoh,Nov,Yellow,13749,3453
Madhya Pradesh,Damoh,Oct,Yellow,10143,3396.666667
Madhya Pradesh,Damoh,Sep,Yellow,1307.9,3443.571429
Madhya Pradesh,Datia,Apr,Yellow,13.5,3220
Madhya Pradesh,Datia,Feb,Yellow,6.8,3305
Madhya Pradesh,Datia,Feb,Other,6.8,3515
Madhya Pradesh,Datia,Jan,Yellow,6.7,3490
Madhya Pradesh,Datia,Mar,Yellow,20.3,3380
Madhya Pradesh,Dewas,Apr,Yellow,14572.52,3512.710526
Madhya Pradesh,Dewas,Apr,Soybean,14572.52,3506.193548
Madhya Pradesh,Dewas,Apr,Other,14572.52,3532.419355
Madhya Pradesh,Dewas,Aug,Yellow,8716.6,3438.307692
Madhya Pradesh,Dewas,Aug,Other,8716.6,3475.1
Madhya Pradesh,Dewas,Aug,Soybean,8716.6,3486.230769
Madhya Pradesh,Dewas,Feb,Yellow,12686.75,3499.866667
Madhya Pradesh,Dewas,Feb,Soybean,12686.75,3491.710526
Madhya Pradesh,Dewas,Feb,Other,12686.75,3466.909091
Madhya Pradesh,Dewas,Jan,Soybean,56109.98,3499.108108
Madhya Pradesh,Dewas,Jan,Other,56109.98,3491.78125
Madhya Pradesh,Dewas,Jan,Yellow,56109.98,3526.230769
Madhya Pradesh,Dewas,Jul,Other,18484.41,3444.095238
Madhya Pradesh,Dewas,Jul,Soybean,18484.41,3422.142857
Madhya Pradesh,Dewas,Jul,Yellow,18484.41,3449.813953
Madhya Pradesh,Dewas,Jun,Soybean,13073.61,3538.04878
Madhya Pradesh,Dewas,Jun,Black,13073.61,3600
Madhya Pradesh,Dewas,Jun,Other,13073.61,3509.758621
Madhya Pradesh,Dewas,Jun,Yellow,13073.61,3506.871795
Madhya Pradesh,Dewas,Mar,Other,5204.39,3470.896552
Madhya Pradesh,Dewas,Mar,Soybean,5204.39,3495
Madhya Pradesh,Dewas,Mar,Yellow,5204.39,3458.368421
Madhya Pradesh,Dewas,May,Other,8287.89,3581.138889
Madhya Pradesh,Dewas,May,Soybean,8287.89,3506.268293
Madhya Pradesh,Dewas,May,Yellow,8287.89,3575.666667
Madhya Pradesh,Dewas,Nov,Soybean,61801.52,3465.384615
Madhya Pradesh,Dewas,Nov,Other,61801.52,3467
Madhya Pradesh,Dewas,Nov,Yellow,61801.52,3497.769231
Madhya Pradesh,Dewas,Oct,Other,46300.22,3469.875
Madhya Pradesh,Dewas,Oct,Soybean,46300.22,3405.777778
Madhya Pradesh,Dewas,Oct,Yellow,46300.22,3410.888889
Madhya Pradesh,Dewas,Sep,Soybean,8651.41,3492.222222
Madhya Pradesh,Dewas,Sep,Other,8651.41,3432.222222
Madhya Pradesh,Dewas,Sep,Yellow,8651.41,3449.625
Madhya Pradesh,Dhar,Apr,Yellow,16533.26,3517.936709
Madhya Pradesh,Dhar,Apr,Other,16533.26,3455.714286
Madhya Pradesh,Dhar,Aug,Yellow,12129.63,3500.344828
Madhya Pradesh,Dhar,Aug,Other,12129.63,3057.375
Madhya Pradesh,Dhar,Feb,Yellow,14427.33,3559.793478
Madhya Pradesh,Dhar,Feb,Other,14427.33,3408.333333
Madhya Pradesh,Dhar,Jan,Other,42130.71,3364.444444
Madhya Pradesh,Dhar,Jan,Yellow,42130.71,3597.867257
Madhya Pradesh,Dhar,Jul,Other,19223.17,3125.25
Madhya Pradesh,Dhar,Jul,Yellow,19223.17,3501.330275
Madhya Pradesh,Dhar,Jun,Other,14144.49,3425.85
Madhya Pradesh,Dhar,Jun,Yellow,14144.49,3547.615385
Madhya Pradesh,Dhar,Mar,Other,8716.87,3349.733333
Madhya Pradesh,Dhar,Mar,Yellow,8716.87,3477.318182
Madhya Pradesh,Dhar,May,Other,13761.1,3471.785714
Madhya Pradesh,Dhar,May,Yellow,13761.1,3565.683544
Madhya Pradesh,Dhar,Nov,Other,39825.91,3538.2
Madhya Pradesh,Dhar,Nov,Yellow,39825.91,3548.928571
Madhya Pradesh,Dhar,Oct,Other,23857.28,2853.833333
Madhya Pradesh,Dhar,Oct,Yellow,23857.28,3480.454545
Madhya Pradesh,Dhar,Sep,Other,14063.49,3455.5
Madhya Pradesh,Dhar,Sep,Yellow,14063.49,3484.88
Madhya Pradesh,Dindori,Apr,Local,939.76,3345.166667
Madhya Pradesh,Dindori,Apr,Soybean,939.76,3400
Madhya Pradesh,Dindori,Aug,Local,221.7,3287.6
Madhya Pradesh,Dindori,Aug,Soybean,221.7,3400
Madhya Pradesh,Dindori,Feb,Soybean,392.86,3200
Madhya Pradesh,Dindori,Feb,Local,392.86,3368.384615
Madhya Pradesh,Dindori,Jan,Soybean,776.03,3400
Madhya Pradesh,Dindori,Jan,Local,776.03,3391.5
Madhya Pradesh,Dindori,Jul,Local,227.01,3295.272727
Madhya Pradesh,Dindori,Jun,Local,125.73,3371.25
Madhya Pradesh,Dindori,Mar,Local,465.34,3313.857143
Madhya Pradesh,Dindori,May,Soybean,483.88,3400
Madhya Pradesh,Dindori,May,Local,483.88,3400.8125
Madhya Pradesh,Dindori,Nov,Local,572.4,3375
Madhya Pradesh,Dindori,Oct,Local,51.99,3246
Madhya Pradesh,Dindori,Sep,Local,292.17,3293.75
Madhya Pradesh,Guna,Apr,Soybean,1312.98,3188.666667
Madhya Pradesh,Guna,Apr,Other,1312.98,3449.12
Madhya Pradesh,Guna,Aug,Other,1224.49,3462.541667
Madhya Pradesh,Guna,Feb,Soybean,4583.96,3452.166667
Madhya Pradesh,Guna,Feb,Other,4583.96,3486.282353
Madhya Pradesh,Guna,Jan,Other,13107.14,3471.186813
Madhya Pradesh,Guna,Jan,Soybean,13107.14,3421.933333
Madhya Pradesh,Guna,Jul,Other,4273.64,3407.114943
Madhya Pradesh,Guna,Jul,Soybean,4273.64,3342.666667
Madhya Pradesh,Guna,Jun,Soybean,2983.19,3641.5
Madhya Pradesh,Guna,Jun,Other,2983.19,3474.526316
Madhya Pradesh,Guna,Mar,Other,2069.97,3408.210526
Madhya Pradesh,Guna,Mar,Soybean,2069.97,3227.75
Madhya Pradesh,Guna,May,Other,478.6,3484.754717
Madhya Pradesh,Guna,Nov,Soybean,48177.56,3442.5
Madhya Pradesh,Guna,Nov,Other,48177.56,3462.24
Madhya Pradesh,Guna,Oct,Other,40492.33,3401.733333
Madhya Pradesh,Guna,Oct,Soybean,40492.33,3398
Madhya Pradesh,Guna,Sep,Other,411.13,3400.769231
Madhya Pradesh,Gwalior,Aug,Yellow,3.8,3500
Madhya Pradesh,Gwalior,Feb,Yellow,20,3475
Madhya Pradesh,Gwalior,Jan,Yellow,49.7,3278
Madhya Pradesh,Gwalior,Jul,Yellow,7.8,2900
Madhya Pradesh,Gwalior,Jun,Yellow,0.5,3401
Madhya Pradesh,Gwalior,Mar,Yellow,1,3076
Madhya Pradesh,Gwalior,May,Other,1.5,3550
Madhya Pradesh,Gwalior,May,Yellow,1.5,3325
Madhya Pradesh,Harda,Apr,Yellow,737.8,3536.24
Madhya Pradesh,Harda,Apr,Soybean,737.8,3418.8
Madhya Pradesh,Harda,Aug,Yellow,1586.5,3471.333333
Madhya Pradesh,Harda,Aug,Soybean,1586.5,3465.777778
Madhya Pradesh,Harda,Feb,Soybean,2358.9,3447.296296
Madhya Pradesh,Harda,Feb,Yellow,2358.9,3534.16129
Madhya Pradesh,Harda,Jan,Soybean,25236.9,3507.705882
Madhya Pradesh,Harda,Jan,Yellow,25236.9,3545.421053
Madhya Pradesh,Harda,Jul,Soybean,4137.1,3457.545455
Madhya Pradesh,Harda,Jul,Yellow,4137.1,3480.567568
Madhya Pradesh,Harda,Jun,Soybean,2403.3,3497.935484
Madhya Pradesh,Harda,Jun,Yellow,2403.3,3524.060606
Madhya Pradesh,Harda,Mar,Soybean,1504,3444.517241
Madhya Pradesh,Harda,Mar,Yellow,1504,3494.222222
Madhya Pradesh,Harda,May,Soybean,558.4,3302.235294
Madhya Pradesh,Harda,May,Yellow,558.4,3588.333333
Madhya Pradesh,Harda,Nov,Soybean,36801.7,3409.636364
Madhya Pradesh,Harda,Nov,Yellow,36801.7,3455.8
Madhya Pradesh,Harda,Oct,Soybean,24599.2,3267.142857
Madhya Pradesh,Harda,Oct,Yellow,24599.2,3467.333333
Madhya Pradesh,Harda,Sep,Soybean,1046.2,3435
Madhya Pradesh,Harda,Sep,Yellow,1046.2,3420.75
Madhya Pradesh,Hoshangabad,Apr,Yellow,996.3,3556.448276
Madhya Pradesh,Hoshangabad,Apr,Other,996.3,2950.5
Madhya Pradesh,Hoshangabad,Aug,Yellow,842.5,3516.1
Madhya Pradesh,Hoshangabad,Aug,Other,842.5,3151.5
Madhya Pradesh,Hoshangabad,Feb,Yellow,815.7,3544.586207
Madhya Pradesh,Hoshangabad,Feb,Other,815.7,3239.166667
Madhya Pradesh,Hoshangabad,Jan,Other,11511.8,3123.1
Madhya Pradesh,Hoshangabad,Jan,Yellow,11511.8,3541.794118
Madhya Pradesh,Hoshangabad,Jul,Other,1509.1,3080.857143
Madhya Pradesh,Hoshangabad,Jul,Yellow,1509.1,3479.657143
Madhya Pradesh,Hoshangabad,Jun,Other,579.3,3495
Madhya Pradesh,Hoshangabad,Jun,Yellow,579.3,3500.6875
Madhya Pradesh,Hoshangabad,Mar,Other,891.4,3002.5
Madhya Pradesh,Hoshangabad,Mar,Yellow,891.4,3466.866667
Madhya Pradesh,Hoshangabad,May,Other,130.6,3195.25
Madhya Pradesh,Hoshangabad,May,Yellow,130.6,3514.041667
Madhya Pradesh,Hoshangabad,Nov,Other,13131.2,3140.5
Madhya Pradesh,Hoshangabad,Nov,Yellow,13131.2,3450.444444
Madhya Pradesh,Hoshangabad,Oct,Other,5237.5,2869
Madhya Pradesh,Hoshangabad,Oct,Yellow,5237.5,3459.333333
Madhya Pradesh,Hoshangabad,Sep,Other,829.3,2911
Madhya Pradesh,Hoshangabad,Sep,Yellow,829.3,3408.333333
Madhya Pradesh,Indore,Apr,Yellow,10123.6,3649.407407
Madhya Pradesh,Indore,Apr,Other,10123.6,3480.8
Madhya Pradesh,Indore,Aug,Yellow,8196.6,3563.416667
Madhya Pradesh,Indore,Aug,Other,8196.6,3501.666667
Madhya Pradesh,Indore,Feb,Other,12118.4,3470
Madhya Pradesh,Indore,Feb,Yellow,12118.4,3609.189189
Madhya Pradesh,Indore,Jan,Other,43641.2,3452.522727
Madhya Pradesh,Indore,Jan,Sup,43641.2,3000
Madhya Pradesh,Indore,Jan,Yellow,43641.2,3630.756757
Madhya Pradesh,Indore,Jul,Other,17319.7,3456.925
Madhya Pradesh,Indore,Jul,Yellow,17319.7,3506.945946
Madhya Pradesh,Indore,Jun,Other,9600.2,3553.212121
Madhya Pradesh,Indore,Jun,Yellow,9600.2,3586.029412
Madhya Pradesh,Indore,Mar,Other,7912.5,3509.827586
Madhya Pradesh,Indore,Mar,Yellow,7912.5,3568.628571
Madhya Pradesh,Indore,May,Other,10417.4,3551.882353
Madhya Pradesh,Indore,May,Yellow,10417.4,3653.394737
Madhya Pradesh,Indore,Nov,Other,36518,3482.307692
Madhya Pradesh,Indore,Nov,Yellow,36518,3567.583333
Madhya Pradesh,Indore,Oct,Other,33499.8,3468.333333
Madhya Pradesh,Indore,Oct,Yellow,33499.8,3563
Madhya Pradesh,Indore,Sep,Other,11508.4,3497.142857
Madhya Pradesh,Indore,Sep,Yellow,11508.4,3563.1
Madhya Pradesh,Jabalpur,Feb,Yellow,0.1,2800
Madhya Pradesh,Jabalpur,Jan,Yellow,6.7,2510
Madhya Pradesh,Jabalpur,Jul,Yellow,5.3,2600
Madhya Pradesh,Jabalpur,Mar,Yellow,0.5,2872.5
Madhya Pradesh,Jabalpur,Nov,Yellow,41.5,2450
Madhya Pradesh,Jabalpur,Sep,Yellow,21.4,2520
Madhya Pradesh,Jhabua,Apr,Yellow,4861.34,3506.909091
Madhya Pradesh,Jhabua,Apr,Other,4861.34,3570
Madhya Pradesh,Jhabua,Aug,Yellow,1668.35,3445.615385
Madhya Pradesh,Jhabua,Feb,Yellow,2996.71,3470.033333
Madhya Pradesh,Jhabua,Jan,Yellow,13096.11,3419.648649
Madhya Pradesh,Jhabua,Jul,Yellow,2360.86,3380.090909
Madhya Pradesh,Jhabua,Jun,Other,1499,3600
Madhya Pradesh,Jhabua,Jun,Yellow,1499,3509.173913
Madhya Pradesh,Jhabua,Mar,Yellow,1524.83,3519.909091
Madhya Pradesh,Jhabua,May,Yellow,1789.46,3535.514286
Madhya Pradesh,Jhabua,Nov,Yellow,24651.04,3419.833333
Madhya Pradesh,Jhabua,Oct,Yellow,10025.29,3457.545455
Madhya Pradesh,Jhabua,Sep,Yellow,2522.92,3484.444444
Madhya Pradesh,Katni,Feb,Yellow,0.6,3100
Madhya Pradesh,Katni,Jan,Yellow,0.3,3355
Madhya Pradesh,Katni,Mar,Yellow,6.7,2680.5
Madhya Pradesh,Khandwa,Apr,Yellow,1517.9,3520.277778
Madhya Pradesh,Khandwa,Aug,Yellow,2512.3,3490.4
Madhya Pradesh,Khandwa,Aug,Other,2512.3,3250
Madhya Pradesh,Khandwa,Feb,Other,2164,3407.5
Madhya Pradesh,Khandwa,Feb,Yellow,2164,3558.0625
Madhya Pradesh,Khandwa,Jan,Other,14431.4,3548.933333
Madhya Pradesh,Khandwa,Jan,Yellow,14431.4,3595.625
Madhya Pradesh,Khandwa,Jul,Other,2397.2,3431.8
Madhya Pradesh,Khandwa,Jul,Yellow,2397.2,3480.631579
Madhya Pradesh,Khandwa,Jun,Other,2808.9,3456.666667
Madhya Pradesh,Khandwa,Jun,Yellow,2808.9,3537.190476
Madhya Pradesh,Khandwa,Mar,Other,1706.5,3353.333333
Madhya Pradesh,Khandwa,Mar,Yellow,1706.5,3478.83871
Madhya Pradesh,Khandwa,May,Other,1788.2,3392.2
Madhya Pradesh,Khandwa,May,Yellow,1788.2,3605.4
Madhya Pradesh,Khandwa,Nov,Other,13649.2,3475
Madhya Pradesh,Khandwa,Nov,Yellow,13649.2,3562
Madhya Pradesh,Khandwa,Oct,Other,20067.57,3350
Madhya Pradesh,Khandwa,Oct,Yellow,20067.57,3518.5
Madhya Pradesh,Khandwa,Sep,Other,1989.2,3440
Madhya Pradesh,Khandwa,Sep,Yellow,1989.2,3523.125
Madhya Pradesh,Khargone,Apr,Yellow,505.99,3440
Madhya Pradesh,Khargone,Apr,Soybean,505.99,3407
Madhya Pradesh,Khargone,Apr,Other,505.99,3510.151515
Madhya Pradesh,Khargone,Aug,Yellow,451.75,3474
Madhya Pradesh,Khargone,Aug,Soybean,451.75,3435.2
Madhya Pradesh,Khargone,Aug,Other,451.75,3492.571429
Madhya Pradesh,Khargone,Feb,Other,1418.63,3553
Madhya Pradesh,Khargone,Feb,Soybean,1418.63,3441.210526
Madhya Pradesh,Khargone,Feb,Yellow,1418.63,3369.230769
Madhya Pradesh,Khargone,Jan,Other,6736.73,3541.41791
Madhya Pradesh,Khargone,Jan,Soybean,6736.73,3497.173913
Madhya Pradesh,Khargone,Jan,Yellow,6736.73,3422.5
Madhya Pradesh,Khargone,Jul,Other,568.69,3519.176471
Madhya Pradesh,Khargone,Jul,Soybean,568.69,3320.384615
Madhya Pradesh,Khargone,Jul,Yellow,568.69,3251.5625
Madhya Pradesh,Khargone,Jun,Other,537.23,3495.5
Madhya Pradesh,Khargone,Jun,Soybean,537.23,3385.466667
Madhya Pradesh,Khargone,Jun,Yellow,537.23,3430.526316
Madhya Pradesh,Khargone,Mar,Other,784.7,3522.27027
Madhya Pradesh,Khargone,Mar,Soybean,784.7,3365.833333
Madhya Pradesh,Khargone,Mar,Yellow,784.7,3361.25
Madhya Pradesh,Khargone,May,Other,363.65,3574.171429
Madhya Pradesh,Khargone,May,Soybean,363.65,3366.666667
Madhya Pradesh,Khargone,May,Yellow,363.65,3501.25
Madhya Pradesh,Khargone,Nov,Other,10799.32,3481.9375
Madhya Pradesh,Khargone,Nov,Soybean,10799.32,3325
Madhya Pradesh,Khargone,Nov,Yellow,10799.32,3460
Madhya Pradesh,Khargone,Oct,Other,6661.81,3462.363636
Madhya Pradesh,Khargone,Oct,Soybean,6661.81,3243.666667
Madhya Pradesh,Khargone,Oct,Yellow,6661.81,3390
Madhya Pradesh,Khargone,Sep,Other,363.33,3514.333333
Madhya Pradesh,Khargone,Sep,Soybean,363.33,3844.8
Madhya Pradesh,Khargone,Sep,Yellow,363.33,3325
Madhya Pradesh,Mandla,Mar,Other,11.58,3200
Madhya Pradesh,Mandsaur,Apr,Yellow,9126.21,3634.375
Madhya Pradesh,Mandsaur,Apr,Soybean,9126.21,3583.678571
Madhya Pradesh,Mandsaur,Apr,Other,9126.21,3480.346154
Madhya Pradesh,Mandsaur,Aug,Yellow,5320.54,3502.5
Madhya Pradesh,Mandsaur,Aug,Local,5320.54,3500
Madhya Pradesh,Mandsaur,Aug,Soybean,5320.54,3569.454545
Madhya Pradesh,Mandsaur,Aug,Other,5320.54,3401.153846
Madhya Pradesh,Mandsaur,Feb,Other,11813.25,3541.433333
Madhya Pradesh,Mandsaur,Feb,Soybean,11813.25,3515.864865
Madhya Pradesh,Mandsaur,Feb,Local,11813.25,3700
Madhya Pradesh,Mandsaur,Feb,Yellow,11813.25,3609.166667
Madhya Pradesh,Mandsaur,Jan,Other,41960.05,3543.82
Madhya Pradesh,Mandsaur,Jan,Soybean,41960.05,3499
Madhya Pradesh,Mandsaur,Jan,Local,41960.05,3367.5
Madhya Pradesh,Mandsaur,Jan,Yellow,41960.05,3583.333333
Madhya Pradesh,Mandsaur,Jul,Other,34985.59,3394.138889
Madhya Pradesh,Mandsaur,Jul,Soybean,34985.59,3501.827586
Madhya Pradesh,Mandsaur,Jul,Local,34985.59,3700
Madhya Pradesh,Mandsaur,Jul,Yellow,34985.59,3448.333333
Madhya Pradesh,Mandsaur,Jun,Other,12587.02,3483.833333
Madhya Pradesh,Mandsaur,Jun,Soybean,12587.02,3602.477273
Madhya Pradesh,Mandsaur,Jun,Local,12587.02,3655
Madhya Pradesh,Mandsaur,Jun,Yellow,12587.02,3585
Madhya Pradesh,Mandsaur,Mar,Other,7766.96,3481.5
Madhya Pradesh,Mandsaur,Mar,Local,7766.96,3587.5
Madhya Pradesh,Mandsaur,Mar,Soybean,7766.96,3549
Madhya Pradesh,Mandsaur,Mar,Yellow,7766.96,3605
Madhya Pradesh,Mandsaur,May,Other,8975.26,3541.454545
Madhya Pradesh,Mandsaur,May,Soybean,8975.26,3601.344828
Madhya Pradesh,Mandsaur,May,Local,8975.26,3658.75
Madhya Pradesh,Mandsaur,May,Yellow,8975.26,3687
Madhya Pradesh,Mandsaur,Nov,Other,16510.04,3518.583333
Madhya Pradesh,Mandsaur,Nov,Soybean,16510.04,3583
Madhya Pradesh,Mandsaur,Nov,Local,16510.04,3600
Madhya Pradesh,Mandsaur,Nov,Yellow,16510.04,3665
Madhya Pradesh,Mandsaur,Oct,Other,9473.66,3297.1
Madhya Pradesh,Mandsaur,Oct,Soybean,9473.66,3555.4
Madhya Pradesh,Mandsaur,Oct,Yellow,9473.66,3350
Madhya Pradesh,Mandsaur,Sep,Other,5062.39,3407.666667
Madhya Pradesh,Mandsaur,Sep,Soybean,5062.39,3549.166667
Madhya Pradesh,Mandsaur,Sep,Local,5062.39,3670
Madhya Pradesh,Mandsaur,Sep,Yellow,5062.39,3468.333333
Madhya Pradesh,Morena,Aug,Yellow,16.7,3175
Madhya Pradesh,Morena,Feb,Yellow,2.9,3163.5
Madhya Pradesh,Morena,Jan,Soybean,37.2,3475
Madhya Pradesh,Morena,Jan,Yellow,37.2,3437.5
Madhya Pradesh,Morena,Mar,Soybean,0.5,2705
Madhya Pradesh,Morena,Mar,Yellow,0.5,3012
Madhya Pradesh,Morena,Oct,Yellow,11,3187
Madhya Pradesh,Morena,Sep,Yellow,36.3,3365.5
Madhya Pradesh,Narsinghpur,Apr,Yellow,173.46,3299.2
Madhya Pradesh,Narsinghpur,Apr,Other,173.46,3459.428571
Madhya Pradesh,Narsinghpur,Aug,Yellow,414.7,3403.333333
Madhya Pradesh,Narsinghpur,Aug,Other,414.7,3350.5
Madhya Pradesh,Narsinghpur,Feb,Other,244,3498.076923
Madhya Pradesh,Narsinghpur,Feb,Yellow,244,3354.555556
Madhya Pradesh,Narsinghpur,Jan,Other,1086.1,3440.363636
Madhya Pradesh,Narsinghpur,Jan,Yellow,1086.1,3295.5
Madhya Pradesh,Narsinghpur,Jul,Other,804.1,3304.357143
Madhya Pradesh,Narsinghpur,Jul,Yellow,804.1,3365.193548
Madhya Pradesh,Narsinghpur,Jun,Other,154.2,3427.692308
Madhya Pradesh,Narsinghpur,Jun,Yellow,154.2,3326.967742
Madhya Pradesh,Narsinghpur,Mar,Other,156,3369.625
Madhya Pradesh,Narsinghpur,Mar,Yellow,156,3383.666667
Madhya Pradesh,Narsinghpur,May,Other,95.3,3408.625
Madhya Pradesh,Narsinghpur,May,Yellow,95.3,3413.409091
Madhya Pradesh,Narsinghpur,Nov,Other,4167.18,3255.333333
Madhya Pradesh,Narsinghpur,Nov,Yellow,4167.18,3398.125
Madhya Pradesh,Narsinghpur,Oct,Other,1086.7,3327.5
Madhya Pradesh,Narsinghpur,Oct,Yellow,1086.7,3277.333333
Madhya Pradesh,Narsinghpur,Sep,Other,267.3,3356.666667
Madhya Pradesh,Narsinghpur,Sep,Yellow,267.3,3299.5
Madhya Pradesh,Neemuch,Apr,Yellow,24053.2,3634.764706
Madhya Pradesh,Neemuch,Apr,Other,24053.2,3506.866667
Madhya Pradesh,Neemuch,Aug,Yellow,11954.3,3728.75
Madhya Pradesh,Neemuch,Aug,Other,11954.3,3344.285714
Madhya Pradesh,Neemuch,Feb,Other,31071.4,3412.352941
Madhya Pradesh,Neemuch,Feb,Yellow,31071.4,3600.352941
Madhya Pradesh,Neemuch,Jan,Other,59545.03,3440.26087
Madhya Pradesh,Neemuch,Jan,Yellow,59545.03,3648.333333
Madhya Pradesh,Neemuch,Jul,Other,27313.8,3327.230769
Madhya Pradesh,Neemuch,Jul,Yellow,27313.8,3498.466667
Madhya Pradesh,Neemuch,Jun,Other,29649.7,3481
Madhya Pradesh,Neemuch,Jun,Yellow,29649.7,3560.105263
Madhya Pradesh,Neemuch,Mar,Other,16731.3,3475
Madhya Pradesh,Neemuch,Mar,Yellow,16731.3,3577.875
Madhya Pradesh,Neemuch,May,Other,29652.1,3485.125
Madhya Pradesh,Neemuch,Nov,Other,33575.6,4001
Madhya Pradesh,Neemuch,Nov,Yellow,33575.6,3575
Madhya Pradesh,Neemuch,Oct,Other,21161.2,3497.75
Madhya Pradesh,Neemuch,Oct,Yellow,21161.2,3587.4
Madhya Pradesh,Neemuch,Sep,Other,7194.5,3447.75
Madhya Pradesh,Neemuch,Sep,Yellow,7194.5,3611.666667
Madhya Pradesh,Panna,Feb,Other,6.3,3250
Madhya Pradesh,Panna,Feb,Soybean,6.3,3000
Madhya Pradesh,Panna,Jan,Other,44,3110
Madhya Pradesh,Panna,Jan,Soybean,44,3305
Madhya Pradesh,Panna,Jul,Other,16.9,3340
Madhya Pradesh,Panna,Jul,Soybean,16.9,3241
Madhya Pradesh,Panna,Mar,Soybean,13.1,3570
Madhya Pradesh,Panna,Nov,Soybean,124.2,3470
Madhya Pradesh,Panna,Oct,Other,156.6,3205
Madhya Pradesh,Raisen,Apr,Yellow,217,3223.25
Madhya Pradesh,Raisen,Apr,Black,217,3250
Madhya Pradesh,Raisen,Apr,Other,217,3406.75
Madhya Pradesh,Raisen,Aug,Yellow,1738.1,3323.142857
Madhya Pradesh,Raisen,Aug,Black,1738.1,3235
Madhya Pradesh,Raisen,Aug,Other,1738.1,3400
Madhya Pradesh,Raisen,Feb,Other,2150,3386.315789
Madhya Pradesh,Raisen,Feb,Black,2150,3396
Madhya Pradesh,Raisen,Feb,Yellow,2150,3260.75
Madhya Pradesh,Raisen,Jan,Other,5909.8,3295.68
Madhya Pradesh,Raisen,Jan,Black,5909.8,3280.833333
Madhya Pradesh,Raisen,Jan,Yellow,5909.8,3344.3
Madhya Pradesh,Raisen,Jul,Other,2144,3296.896552
Madhya Pradesh,Raisen,Jul,Black,2144,3315.909091
Madhya Pradesh,Raisen,Jul,Yellow,2144,3364.333333
Madhya Pradesh,Raisen,Jun,Other,458,3348.666667
Madhya Pradesh,Raisen,Jun,Black,458,3367.857143
Madhya Pradesh,Raisen,Jun,Yellow,458,3204.413793
Madhya Pradesh,Raisen,Mar,Other,1040.43,3327.157895
Madhya Pradesh,Raisen,Mar,Black,1040.43,3186.666667
Madhya Pradesh,Raisen,Mar,Yellow,1040.43,3328.470588
Madhya Pradesh,Raisen,May,Other,52.4,3346.642857
Madhya Pradesh,Raisen,May,Black,52.4,3270
Madhya Pradesh,Raisen,May,Yellow,52.4,3297.4
Madhya Pradesh,Raisen,Nov,Other,7217.5,3320.25
Madhya Pradesh,Raisen,Nov,Black,7217.5,3350
Madhya Pradesh,Raisen,Nov,Yellow,7217.5,3281.25
Madhya Pradesh,Raisen,Oct,Other,5789.2,3351.857143
Madhya Pradesh,Raisen,Oct,Black,5789.2,3325
Madhya Pradesh,Raisen,Oct,Yellow,5789.2,3254.2
Madhya Pradesh,Raisen,Sep,Other,1245,3282.4
Madhya Pradesh,Raisen,Sep,Black,1245,3460
Madhya Pradesh,Raisen,Sep,Yellow,1245,3365
Madhya Pradesh,Rajgarh,Apr,Yellow,5453.79,3533.91358
Madhya Pradesh,Rajgarh,Apr,Black,5453.79,3590
Madhya Pradesh,Rajgarh,Apr,Soybean,5453.79,3521.538462
Madhya Pradesh,Rajgarh,Apr,Other,5453.79,3501.3
Madhya Pradesh,Rajgarh,Aug,Yellow,6211.51,3531.540541
Madhya Pradesh,Rajgarh,Aug,Black,6211.51,3280
Madhya Pradesh,Rajgarh,Aug,Soybean,6211.51,3466.666667
Madhya Pradesh,Rajgarh,Aug,Other,6211.51,3322.2
Madhya Pradesh,Rajgarh,Feb,Other,13145.21,3485.882353
Madhya Pradesh,Rajgarh,Feb,Soybean,13145.21,3505.1875
Madhya Pradesh,Rajgarh,Feb,Black,13145.21,3465
Madhya Pradesh,Rajgarh,Feb,Yellow,13145.21,3555.039216
Madhya Pradesh,Rajgarh,Jan,Other,38247.75,3563.727273
Madhya Pradesh,Rajgarh,Jan,Soybean,38247.75,3532.647059
Madhya Pradesh,Rajgarh,Jan,Black,38247.75,3517.777778
Madhya Pradesh,Rajgarh,Jan,Yellow,38247.75,3558.920354
Madhya Pradesh,Rajgarh,Jul,Other,15790.8,3394.761905
Madhya Pradesh,Rajgarh,Jul,Soybean,15790.8,3484.363636
Madhya Pradesh,Rajgarh,Jul,Black,15790.8,3200
Madhya Pradesh,Rajgarh,Jul,Yellow,15790.8,3444.560748
Madhya Pradesh,Rajgarh,Jun,Other,8406.67,3495.62963
Madhya Pradesh,Rajgarh,Jun,Soybean,8406.67,3556.470588
Madhya Pradesh,Rajgarh,Jun,Black,8406.67,3275
Madhya Pradesh,Rajgarh,Jun,Yellow,8406.67,3558.980198
Madhya Pradesh,Rajgarh,Mar,Other,5329.64,3438.461538
Madhya Pradesh,Rajgarh,Mar,Black,5329.64,3200
Madhya Pradesh,Rajgarh,Mar,Soybean,5329.64,3463.333333
Madhya Pradesh,Rajgarh,Mar,Yellow,5329.64,3485.150538
Madhya Pradesh,Rajgarh,May,Other,6322.55,3495.461538
Madhya Pradesh,Rajgarh,May,Soybean,6322.55,3558.235294
Madhya Pradesh,Rajgarh,May,Yellow,6322.55,3584.88172
Madhya Pradesh,Rajgarh,Nov,Other,56513.31,3464.571429
Madhya Pradesh,Rajgarh,Nov,Soybean,56513.31,3416.666667
Madhya Pradesh,Rajgarh,Nov,Black,56513.31,3555
Madhya Pradesh,Rajgarh,Nov,Yellow,56513.31,3507.607143
Madhya Pradesh,Rajgarh,Oct,Other,47097.45,3400.5
Madhya Pradesh,Rajgarh,Oct,Soybean,47097.45,3461.25
Madhya Pradesh,Rajgarh,Oct,Black,47097.45,3456.666667
Madhya Pradesh,Rajgarh,Oct,Yellow,47097.45,3464.36
Madhya Pradesh,Rajgarh,Sep,Other,3153.95,3478.25
Madhya Pradesh,Rajgarh,Sep,Soybean,3153.95,3475
Madhya Pradesh,Rajgarh,Sep,Yellow,3153.95,3503.969697
Madhya Pradesh,Ratlam,Apr,Yellow,10921.21,3593.8
Madhya Pradesh,Ratlam,Apr,Soybean,10921.21,3642.5
Madhya Pradesh,Ratlam,Apr,Other,10921.21,3591.822222
Madhya Pradesh,Ratlam,Aug,Yellow,9264.82,3595
Madhya Pradesh,Ratlam,Aug,Soybean,9264.82,3626.666667
Madhya Pradesh,Ratlam,Aug,Other,9264.82,3650.461538
Madhya Pradesh,Ratlam,Feb,Other,14840.82,3558.948718
Madhya Pradesh,Ratlam,Feb,Soybean,14840.82,3624.5
Madhya Pradesh,Ratlam,Feb,Yellow,14840.82,3606.609756
Madhya Pradesh,Ratlam,Jan,Other,52769.14,3575.431818
Madhya Pradesh,Ratlam,Jan,Soybean,52769.14,3654.166667
Madhya Pradesh,Ratlam,Jan,Yellow,52769.14,3620.119048
Madhya Pradesh,Ratlam,Jul,Other,15621.75,3490.923077
Madhya Pradesh,Ratlam,Jul,Soybean,15621.75,3526.166667
Madhya Pradesh,Ratlam,Jul,Yellow,15621.75,3509
Madhya Pradesh,Ratlam,Jun,Other,12679.14,3588.446809
Madhya Pradesh,Ratlam,Jun,Soybean,12679.14,3612.894737
Madhya Pradesh,Ratlam,Jun,Yellow,12679.14,3600.795455
Madhya Pradesh,Ratlam,Mar,Other,8749.76,3562.337209
Madhya Pradesh,Ratlam,Mar,Soybean,8749.76,3578.882353
Madhya Pradesh,Ratlam,Mar,Yellow,8749.76,3566.869565
Madhya Pradesh,Ratlam,May,Other,11983.3,3622.709091
Madhya Pradesh,Ratlam,May,Soybean,11983.3,3658.625
Madhya Pradesh,Ratlam,May,Yellow,11983.3,3632.52381
Madhya Pradesh,Ratlam,Nov,Other,52218.49,3621.75
Madhya Pradesh,Ratlam,Nov,Soybean,52218.49,3589.5
Madhya Pradesh,Ratlam,Nov,Yellow,52218.49,3563.363636
Madhya Pradesh,Ratlam,Oct,Other,25922.41,3426.181818
Madhya Pradesh,Ratlam,Oct,Soybean,25922.41,3542
Madhya Pradesh,Ratlam,Oct,Yellow,25922.41,3553.083333
Madhya Pradesh,Ratlam,Sep,Other,9090.04,3586.75
Madhya Pradesh,Ratlam,Sep,Soybean,9090.04,3564.25
Madhya Pradesh,Ratlam,Sep,Yellow,9090.04,3550
Madhya Pradesh,Rewa,Apr,Other,211.4,3128
Madhya Pradesh,Rewa,Aug,Other,11.4,3278.333333
Madhya Pradesh,Rewa,Feb,Other,17.2,2974.75
Madhya Pradesh,Rewa,Jan,Other,53.95,3192.4
Madhya Pradesh,Rewa,Jul,Other,295.74,2991.25
Madhya Pradesh,Rewa,Jul,Yellow,295.74,3000
Madhya Pradesh,Rewa,Jun,Other,233.4,3078
Madhya Pradesh,Rewa,Mar,Other,204.14,3042
Madhya Pradesh,Rewa,Mar,Yellow,204.14,3000
Madhya Pradesh,Rewa,May,Other,0.3,2999
Madhya Pradesh,Rewa,May,Yellow,0.3,3000
Madhya Pradesh,Rewa,Nov,Other,5.7,3161
Madhya Pradesh,Rewa,Sep,Other,13.25,3112.5
Madhya Pradesh,Rewa,Sep,Yellow,13.25,2950
Madhya Pradesh,Sagar,Apr,Yellow,4813.98,3452.888889
Madhya Pradesh,Sagar,Apr,Soybean,4813.98,3403.272727
Madhya Pradesh,Sagar,Apr,Other,4813.98,3328.846154
Madhya Pradesh,Sagar,Aug,Yellow,14730.1,3434.454545
Madhya Pradesh,Sagar,Aug,Soybean,14730.1,3407.416667
Madhya Pradesh,Sagar,Aug,Other,14730.1,3403.333333
Madhya Pradesh,Sagar,Feb,Other,6520.48,3373.555556
Madhya Pradesh,Sagar,Feb,Soybean,6520.48,3392.5
Madhya Pradesh,Sagar,Feb,Yellow,6520.48,3451.459459
Madhya Pradesh,Sagar,Jan,Other,31574.16,3247.5
Madhya Pradesh,Sagar,Jan,Soybean,31574.16,3422.914894
Madhya Pradesh,Sagar,Jan,Local,31574.16,3400
Madhya Pradesh,Sagar,Jan,Yellow,31574.16,3484.417582
Madhya Pradesh,Sagar,Jul,Other,13289.2,3201.777778
Madhya Pradesh,Sagar,Jul,Soybean,13289.2,3345.861111
Madhya Pradesh,Sagar,Jul,Yellow,13289.2,3413.191781
Madhya Pradesh,Sagar,Jun,Other,4226.42,3326.25
Madhya Pradesh,Sagar,Jun,Soybean,4226.42,3373.2
Madhya Pradesh,Sagar,Jun,Yellow,4226.42,3444.877193
Madhya Pradesh,Sagar,Mar,Other,5578.85,2992.25
Madhya Pradesh,Sagar,Mar,Soybean,5578.85,3368.448276
Madhya Pradesh,Sagar,Mar,Yellow,5578.85,3374.907692
Madhya Pradesh,Sagar,May,Other,4188.69,3390.166667
Madhya Pradesh,Sagar,May,Soybean,4188.69,3419
Madhya Pradesh,Sagar,May,Yellow,4188.69,3486.596491
Madhya Pradesh,Sagar,Nov,Other,45190.8,3212.5
Madhya Pradesh,Sagar,Nov,Soybean,45190.8,3334.5
Madhya Pradesh,Sagar,Nov,Yellow,45190.8,3320.28
Madhya Pradesh,Sagar,Oct,Other,32477.5,3181.25
Madhya Pradesh,Sagar,Oct,Soybean,32477.5,3425
Madhya Pradesh,Sagar,Oct,Yellow,32477.5,3420
Madhya Pradesh,Sagar,Sep,Other,7427.8,3236
Madhya Pradesh,Sagar,Sep,Soybean,7427.8,3410.555556
Madhya Pradesh,Sagar,Sep,Yellow,7427.8,3430
Madhya Pradesh,Satna,Apr,Other,12.63,3039.352941
Madhya Pradesh,Satna,Aug,Other,237.2,3091.666667
Madhya Pradesh,Satna,Feb,Other,126.77,3008.952381
Madhya Pradesh,Satna,Jan,Other,181.94,3191.5625
Madhya Pradesh,Satna,Jul,Other,947.9,3026.409091
Madhya Pradesh,Satna,Jun,Other,96.78,3059.368421
Madhya Pradesh,Satna,Mar,Other,34.34,3125.6
Madhya Pradesh,Satna,May,Other,5.77,2944.5
Madhya Pradesh,Satna,Nov,Other,2708.95,3041.2
Madhya Pradesh,Satna,Oct,Other,1710.21,3127.666667
Madhya Pradesh,Satna,Sep,Other,124.06,3130.428571
Madhya Pradesh,Sehore,Apr,Yellow,11066.81,3513.720588
Madhya Pradesh,Sehore,Apr,Soybean,11066.81,3605
Madhya Pradesh,Sehore,Apr,Other,11066.81,3490.285714
Madhya Pradesh,Sehore,Aug,Yellow,9082.01,3524.464286
Madhya Pradesh,Sehore,Aug,Soybean,9082.01,3560.25
Madhya Pradesh,Sehore,Aug,Other,9082.01,3450
Madhya Pradesh,Sehore,Feb,Other,13101.73,3550.4
Madhya Pradesh,Sehore,Feb,Soybean,13101.73,3605.8
Madhya Pradesh,Sehore,Feb,Yellow,13101.73,3555.37037
Madhya Pradesh,Sehore,Jan,Other,41232.1,3501
Madhya Pradesh,Sehore,Jan,Soybean,41232.1,3670.105263
Madhya Pradesh,Sehore,Jan,Yellow,41232.1,3562.623656
Madhya Pradesh,Sehore,Jul,Other,18170.02,3437.411765
Madhya Pradesh,Sehore,Jul,Soybean,18170.02,3515.315789
Madhya Pradesh,Sehore,Jul,Yellow,18170.02,3452.621951
Madhya Pradesh,Sehore,Jun,Other,11829.7,3468.2
Madhya Pradesh,Sehore,Jun,Soybean,11829.7,3556.3125
Madhya Pradesh,Sehore,Jun,Yellow,11829.7,3524.901408
Madhya Pradesh,Sehore,Mar,Other,8014.2,3430
Madhya Pradesh,Sehore,Mar,Soybean,8014.2,3621.272727
Madhya Pradesh,Sehore,Mar,Yellow,8014.2,3531.471429
Madhya Pradesh,Sehore,May,Other,8694,3523
Madhya Pradesh,Sehore,May,Soybean,8694,3697.4375
Madhya Pradesh,Sehore,May,Yellow,8694,3629.985294
Madhya Pradesh,Sehore,Nov,Other,55850.27,3660
Madhya Pradesh,Sehore,Nov,Soybean,55850.27,3519
Madhya Pradesh,Sehore,Nov,Yellow,55850.27,3491.541667
Madhya Pradesh,Sehore,Oct,Other,36707.32,3420
Madhya Pradesh,Sehore,Oct,Soybean,36707.32,3571.6
Madhya Pradesh,Sehore,Oct,Yellow,36707.32,3498.736842
Madhya Pradesh,Sehore,Sep,Other,6997.5,3400
Madhya Pradesh,Sehore,Sep,Soybean,6997.5,3520.666667
Madhya Pradesh,Sehore,Sep,Yellow,6997.5,3515.526316
Madhya Pradesh,Seoni,Apr,Yellow,154.41,3368
Madhya Pradesh,Seoni,Apr,Black,154.41,3425
Madhya Pradesh,Seoni,Apr,Other,154.41,3600
Madhya Pradesh,Seoni,Aug,Black,30.59,3600
Madhya Pradesh,Seoni,Feb,Other,46.2,3200
Madhya Pradesh,Seoni,Feb,Yellow,46.2,2850
Madhya Pradesh,Seoni,Jan,Other,71.38,3075
Madhya Pradesh,Seoni,Jan,Black,71.38,3276.75
Madhya Pradesh,Seoni,Jan,Yellow,71.38,3389
Madhya Pradesh,Seoni,Jul,Other,38.35,3300
Madhya Pradesh,Seoni,Jul,Black,38.35,3465
Madhya Pradesh,Seoni,Jun,Yellow,16.94,2863
Madhya Pradesh,Seoni,Jun,Black,16.94,3405
Madhya Pradesh,Seoni,Mar,Other,37.3,3100
Madhya Pradesh,Seoni,Mar,Yellow,37.3,3243
Madhya Pradesh,Seoni,May,Black,6.7,3550
Madhya Pradesh,Seoni,May,Yellow,6.7,3137
Madhya Pradesh,Shajapur,Apr,Yellow,6295.1,3474.032258
Madhya Pradesh,Shajapur,Apr,Other,6295.1,3538.467391
Madhya Pradesh,Shajapur,Aug,Yellow,4244.12,3459.666667
Madhya Pradesh,Shajapur,Aug,Other,4244.12,3487.621622
Madhya Pradesh,Shajapur,Feb,Other,10240.97,3577.009259
Madhya Pradesh,Shajapur,Feb,Yellow,10240.97,3474.049383
Madhya Pradesh,Shajapur,Jan,Other,32835.73,3572.171171
Madhya Pradesh,Shajapur,Jan,Yellow,32835.73,3520.060976
Madhya Pradesh,Shajapur,Jul,Other,11750.75,3441.122137
Madhya Pradesh,Shajapur,Jul,Yellow,11750.75,3416.640625
Madhya Pradesh,Shajapur,Jun,Other,8195.77,3532.531746
Madhya Pradesh,Shajapur,Jun,Yellow,8195.77,3510.5
Madhya Pradesh,Shajapur,Mar,Other,4296.24,3489.303571
Madhya Pradesh,Shajapur,Mar,Yellow,4296.24,3453.138889
Madhya Pradesh,Shajapur,May,Other,5277.43,3572.776699
Madhya Pradesh,Shajapur,May,Yellow,5277.43,3509.578947
Madhya Pradesh,Shajapur,Nov,Other,43523.07,3517.129032
Madhya Pradesh,Shajapur,Nov,Yellow,43523.07,3469.727273
Madhya Pradesh,Shajapur,Oct,Other,32380.47,3519
Madhya Pradesh,Shajapur,Oct,Yellow,32380.47,3444.684211
Madhya Pradesh,Shajapur,Sep,Other,2649.94,3465.62069
Madhya Pradesh,Shajapur,Sep,Yellow,2649.94,3465.2
Madhya Pradesh,Shehdol,Apr,Other,263.98,3375.25
Madhya Pradesh,Shehdol,Aug,Other,71.85,3424
Madhya Pradesh,Shehdol,Feb,Other,80.54,3443.545455
Madhya Pradesh,Shehdol,Jan,Other,252.43,3295.833333
Madhya Pradesh,Shehdol,Jul,Other,79.91,3352.636364
Madhya Pradesh,Shehdol,Jun,Other,23.47,3408
Madhya Pradesh,Shehdol,Mar,Other,103.27,3381.142857
Madhya Pradesh,Shehdol,May,Other,106.99,3393.666667
Madhya Pradesh,Shehdol,Nov,Other,292,3147
Madhya Pradesh,Shehdol,Sep,Other,27.7,3348
Madhya Pradesh,Sheopur,Apr,Soybean,23.4,3405
Madhya Pradesh,Sheopur,Apr,Other,23.4,3362.6
Madhya Pradesh,Sheopur,Aug,Soybean,57.7,3353.2
Madhya Pradesh,Sheopur,Aug,Other,57.7,3100.5
Madhya Pradesh,Sheopur,Feb,Other,93.54,3356.625
Madhya Pradesh,Sheopur,Feb,Soybean,93.54,3360.666667
Madhya Pradesh,Sheopur,Jan,Other,451.41,3472.857143
Madhya Pradesh,Sheopur,Jan,Soybean,451.41,3547.421053
Madhya Pradesh,Sheopur,Jul,Other,32.2,3236
Madhya Pradesh,Sheopur,Jul,Soybean,32.2,3358.266667
Madhya Pradesh,Sheopur,Jun,Other,14.3,3396
Madhya Pradesh,Sheopur,Jun,Soybean,14.3,3450.6
Madhya Pradesh,Sheopur,Mar,Other,64.9,3348.444444
Madhya Pradesh,Sheopur,Mar,Soybean,64.9,3379.529412
Madhya Pradesh,Sheopur,May,Other,13.1,3331.75
Madhya Pradesh,Sheopur,May,Soybean,13.1,3386.384615
Madhya Pradesh,Sheopur,Nov,Other,2305.2,3325.5
Madhya Pradesh,Sheopur,Nov,Soybean,2305.2,3398
Madhya Pradesh,Sheopur,Oct,Other,2602.7,3306
Madhya Pradesh,Sheopur,Oct,Soybean,2602.7,3378.5
Madhya Pradesh,Sheopur,Sep,Other,103.1,3330.333333
Madhya Pradesh,Sheopur,Sep,Soybean,103.1,3431.4
Madhya Pradesh,Shivpuri,Apr,Soybean,1594.31,3385.666667
Madhya Pradesh,Shivpuri,Apr,Yellow,1594.31,3560.242424
Madhya Pradesh,Shivpuri,Apr,Black,1594.31,3251.5
Madhya Pradesh,Shivpuri,Apr,Other,1594.31,3530.833333
Madhya Pradesh,Shivpuri,Aug,Yellow,815,3497.636364
Madhya Pradesh,Shivpuri,Aug,Black,815,3125
Madhya Pradesh,Shivpuri,Aug,Soybean,815,3650
Madhya Pradesh,Shivpuri,Aug,Other,815,3477.285714
Madhya Pradesh,Shivpuri,Feb,Other,3543.5,3559.244444
Madhya Pradesh,Shivpuri,Feb,Soybean,3543.5,3549.9375
Madhya Pradesh,Shivpuri,Feb,Black,3543.5,3177.5
Madhya Pradesh,Shivpuri,Feb,Yellow,3543.5,3517.472222
Madhya Pradesh,Shivpuri,Jan,Other,6906.2,3522.909091
Madhya Pradesh,Shivpuri,Jan,Soybean,6906.2,3460.888889
Madhya Pradesh,Shivpuri,Jan,Yellow,6906.2,3512.571429
Madhya Pradesh,Shivpuri,Jul,Other,1330.7,3418.818182
Madhya Pradesh,Shivpuri,Jul,Soybean,1330.7,3550
Madhya Pradesh,Shivpuri,Jul,Yellow,1330.7,3471.727273
Madhya Pradesh,Shivpuri,Jun,Other,1448.9,3573.444444
Madhya Pradesh,Shivpuri,Jun,Soybean,1448.9,3625
Madhya Pradesh,Shivpuri,Jun,Yellow,1448.9,3568.967742
Madhya Pradesh,Shivpuri,Mar,Other,1125.06,3484.634146
Madhya Pradesh,Shivpuri,Mar,Black,1125.06,3575
Madhya Pradesh,Shivpuri,Mar,Soybean,1125.06,3443.333333
Madhya Pradesh,Shivpuri,Mar,Yellow,1125.06,3489.333333
Madhya Pradesh,Shivpuri,May,Other,613.85,3586.594595
Madhya Pradesh,Shivpuri,May,Soybean,613.85,3440.666667
Madhya Pradesh,Shivpuri,May,Yellow,613.85,3568.833333
Madhya Pradesh,Shivpuri,Nov,Other,37217.01,3475.058824
Madhya Pradesh,Shivpuri,Nov,Soybean,37217.01,3362.5
Madhya Pradesh,Shivpuri,Nov,Yellow,37217.01,3410.454545
Madhya Pradesh,Shivpuri,Oct,Other,24136.5,3433.333333
Madhya Pradesh,Shivpuri,Oct,Black,24136.5,3141
Madhya Pradesh,Shivpuri,Oct,Yellow,24136.5,3441.833333
Madhya Pradesh,Shivpuri,Sep,Other,695.08,3491.666667
Madhya Pradesh,Shivpuri,Sep,Black,695.08,3115
Madhya Pradesh,Shivpuri,Sep,Yellow,695.08,3470.714286
Madhya Pradesh,Tikamgarh,Apr,Yellow,944.59,3484.124074
Madhya Pradesh,Tikamgarh,Apr,Soybean,944.59,3400
Madhya Pradesh,Tikamgarh,Apr,Black,944.59,3400.125
Madhya Pradesh,Tikamgarh,Apr,Other,944.59,3450
Madhya Pradesh,Tikamgarh,Aug,Yellow,563.61,3536.333333
Madhya Pradesh,Tikamgarh,Aug,Black,563.61,3185
Madhya Pradesh,Tikamgarh,Aug,Soybean,563.61,3510
Madhya Pradesh,Tikamgarh,Feb,Other,633.22,3558
Madhya Pradesh,Tikamgarh,Feb,Black,633.22,3490
Madhya Pradesh,Tikamgarh,Feb,Yellow,633.22,3477
Madhya Pradesh,Tikamgarh,Jan,Other,676.58,3315
Madhya Pradesh,Tikamgarh,Jan,Black,676.58,3168.75
Madhya Pradesh,Tikamgarh,Jan,Yellow,676.58,3503.967742
Madhya Pradesh,Tikamgarh,Jul,Black,393.03,3320
Madhya Pradesh,Tikamgarh,Jul,Soybean,393.03,3300
Madhya Pradesh,Tikamgarh,Jul,Yellow,393.03,3448.25
Madhya Pradesh,Tikamgarh,Jun,Black,83.98,2900
Madhya Pradesh,Tikamgarh,Jun,Yellow,83.98,3433.5
Madhya Pradesh,Tikamgarh,Mar,Black,359.67,3200
Madhya Pradesh,Tikamgarh,Mar,Soybean,359.67,3500
Madhya Pradesh,Tikamgarh,Mar,Yellow,359.67,3458.103448
Madhya Pradesh,Tikamgarh,May,Other,353.97,3400
Madhya Pradesh,Tikamgarh,May,Black,353.97,3295
Madhya Pradesh,Tikamgarh,May,Yellow,353.97,3456.62963
Madhya Pradesh,Tikamgarh,Nov,Other,1715.53,3414
Madhya Pradesh,Tikamgarh,Nov,Black,1715.53,3392.5
Madhya Pradesh,Tikamgarh,Nov,Yellow,1715.53,3469.3
Madhya Pradesh,Tikamgarh,Oct,Black,1082.74,3234
Madhya Pradesh,Tikamgarh,Oct,Yellow,1082.74,3406.333333
Madhya Pradesh,Tikamgarh,Sep,Black,228.1,3309
Madhya Pradesh,Tikamgarh,Sep,Yellow,228.1,3411.714286
Madhya Pradesh,Ujjain,Apr,Yellow,18348.24,3591.76
Madhya Pradesh,Ujjain,Apr,Soybean,18348.24,353.9909091
Madhya Pradesh,Ujjain,Aug,Yellow,9048.39,3580.567568
Madhya Pradesh,Ujjain,Aug,Soybean,9048.39,355.8
Madhya Pradesh,Ujjain,Feb,Soybean,18661.73,346.5333333
Madhya Pradesh,Ujjain,Feb,Yellow,18661.73,3609.038095
Madhya Pradesh,Ujjain,Jan,Soybean,91726.1,352.9692308
Madhya Pradesh,Ujjain,Jan,Yellow,91726.1,3605.564103
Madhya Pradesh,Ujjain,Jul,Black,29055.85,3445
Madhya Pradesh,Ujjain,Jul,Soybean,29055.85,340.085
Madhya Pradesh,Ujjain,Jul,Yellow,29055.85,3497.253968
Madhya Pradesh,Ujjain,Jun,Soybean,31649.69,349.0363636
Madhya Pradesh,Ujjain,Jun,Yellow,31649.69,3589.141732
Madhya Pradesh,Ujjain,Mar,Soybean,12052.63,345.1083333
Madhya Pradesh,Ujjain,Mar,Yellow,12052.63,3576.414141
Madhya Pradesh,Ujjain,May,Soybean,23824.44,356.6916667
Madhya Pradesh,Ujjain,May,Yellow,23824.44,3619.441667
Madhya Pradesh,Ujjain,Nov,Soybean,98430.3,351.8
Madhya Pradesh,Ujjain,Nov,Yellow,98430.3,3567.333333
Madhya Pradesh,Ujjain,Oct,Soybean,75782.86,355.1666667
Madhya Pradesh,Ujjain,Oct,Yellow,75782.86,3552.407407
Madhya Pradesh,Ujjain,Sep,Soybean,9896.96,354.025
Madhya Pradesh,Ujjain,Sep,Yellow,9896.96,3550.291667
Madhya Pradesh,Umariya,Feb,Other,6.06,3530
Madhya Pradesh,Umariya,Jan,Other,21.5,3440
Madhya Pradesh,Vidisha,Apr,Yellow,929,3380.352941
Madhya Pradesh,Vidisha,Apr,Other,929,3387.25
Madhya Pradesh,Vidisha,Aug,Yellow,3122.5,3430.375
Madhya Pradesh,Vidisha,Aug,Other,3122.5,3366.125
Madhya Pradesh,Vidisha,Feb,Other,4721.31,3301.444444
Madhya Pradesh,Vidisha,Feb,Local,4721.31,3500
Madhya Pradesh,Vidisha,Feb,Yellow,4721.31,3463.679012
Madhya Pradesh,Vidisha,Jan,Other,21619.58,3404.130435
Madhya Pradesh,Vidisha,Jan,Yellow,21619.58,3496.111111
Madhya Pradesh,Vidisha,Jul,Other,7955.54,3265.764706
Madhya Pradesh,Vidisha,Jul,Yellow,7955.54,3378.460526
Madhya Pradesh,Vidisha,Jun,Other,4908,3371.6
Madhya Pradesh,Vidisha,Jun,Yellow,4908,3454.533333
Madhya Pradesh,Vidisha,Mar,Other,2822.3,3319.9375
Madhya Pradesh,Vidisha,Mar,Yellow,2822.3,3407.47541
Madhya Pradesh,Vidisha,May,Other,1058.1,3371.111111
Madhya Pradesh,Vidisha,May,Yellow,1058.1,3449.983333
Madhya Pradesh,Vidisha,Nov,Other,46863.2,3345.666667
Madhya Pradesh,Vidisha,Nov,Yellow,46863.2,3397.583333
Madhya Pradesh,Vidisha,Oct,Other,31189.1,3429.2
Madhya Pradesh,Vidisha,Oct,Yellow,31189.1,3417.875
Madhya Pradesh,Vidisha,Sep,Other,1654.8,3383.166667
Madhya Pradesh,Vidisha,Sep,Yellow,1654.8,3415.411765
Maharashtra,Ahmednagar,Apr,Other,245,3523.485714
Maharashtra,Ahmednagar,Apr,Yellow,245,3450
Maharashtra,Ahmednagar,Aug,Other,182,3495.611111
Maharashtra,Ahmednagar,Aug,Yellow,182,3350
Maharashtra,Ahmednagar,Feb,Yellow,437,3387.5
Maharashtra,Ahmednagar,Feb,Other,437,3519.391304
Maharashtra,Ahmednagar,Jan,Yellow,14,3221.428571
Maharashtra,Ahmednagar,Jan,Other,14,3585.788732
Maharashtra,Ahmednagar,Jul,Yellow,184,3240
Maharashtra,Ahmednagar,Jul,Other,184,3440.909091
Maharashtra,Ahmednagar,Jun,Yellow,279,3316.666667
Maharashtra,Ahmednagar,Jun,Other,279,3510.02
Maharashtra,Ahmednagar,Mar,Yellow,303,3333.333333
Maharashtra,Ahmednagar,Mar,Other,303,3442.88
Maharashtra,Ahmednagar,May,Yellow,281,3310
Maharashtra,Ahmednagar,May,Other,281,3508
Maharashtra,Ahmednagar,Nov,Yellow,4863,3312.5
Maharashtra,Ahmednagar,Nov,Other,4863,3437.388889
Maharashtra,Ahmednagar,Oct,Other,2243,3482.6
Maharashtra,Ahmednagar,Sep,Yellow,226,3450
Maharashtra,Ahmednagar,Sep,Other,226,3517
Maharashtra,Akola,Apr,Other,3594,3351
Maharashtra,Akola,Apr,Yellow,3594,3532.826087
Maharashtra,Akola,Aug,Other,2528,3347
Maharashtra,Akola,Aug,Yellow,2528,3455.052632
Maharashtra,Akola,Feb,Yellow,5000,3487.595745
Maharashtra,Akola,Feb,Other,5000,3510.666667
Maharashtra,Akola,Jan,Yellow,361,3524.830508
Maharashtra,Akola,Jan,Other,361,3444
Maharashtra,Akola,Jul,Yellow,3113,3474.712121
Maharashtra,Akola,Jul,Other,3113,3442.25
Maharashtra,Akola,Jun,Yellow,4357,3477.846154
Maharashtra,Akola,Jun,Other,4357,3832.8
Maharashtra,Akola,Mar,Yellow,4105,3493.282609
Maharashtra,Akola,Mar,Other,4105,3488
Maharashtra,Akola,May,Yellow,3381,3552.188679
Maharashtra,Akola,May,Other,3381,3500
Maharashtra,Akola,Nov,Yellow,22155,3477.3
Maharashtra,Akola,Nov,Other,22155,3335
Maharashtra,Akola,Oct,Yellow,8810,3465.769231
Maharashtra,Akola,Oct,Other,8810,3230
Maharashtra,Akola,Sep,Yellow,2378,3471.8
Maharashtra,Akola,Sep,Other,2378,3550
Maharashtra,Amarawati,Apr,Other,7354,3478.56
Maharashtra,Amarawati,Apr,Yellow,7354,3406.157895
Maharashtra,Amarawati,Aug,Other,4565,3428.666667
Maharashtra,Amarawati,Aug,Yellow,4565,3376.157895
Maharashtra,Amarawati,Feb,Yellow,12660,3431.313725
Maharashtra,Amarawati,Feb,Other,12660,3492.862069
Maharashtra,Amarawati,Jan,Yellow,201,3468.034483
Maharashtra,Amarawati,Jan,Other,201,3451.69697
Maharashtra,Amarawati,Jul,Yellow,2938,3357.926829
Maharashtra,Amarawati,Jul,Other,2938,3462.481481
Maharashtra,Amarawati,Jun,Yellow,5963,3443.690476
Maharashtra,Amarawati,Jun,Other,5963,3410.6
Maharashtra,Amarawati,Mar,Yellow,6874,3418.692308
Maharashtra,Amarawati,Mar,Other,6874,3419.666667
Maharashtra,Amarawati,May,Yellow,5716,3487.1
Maharashtra,Amarawati,May,Other,5716,3470.12
Maharashtra,Amarawati,Nov,Yellow,42861,3373.647059
Maharashtra,Amarawati,Nov,Other,42861,3412.111111
Maharashtra,Amarawati,Oct,Yellow,18642,3366.1
Maharashtra,Amarawati,Oct,Other,18642,3407.428571
Maharashtra,Amarawati,Sep,Yellow,4450,3380.583333
Maharashtra,Amarawati,Sep,Other,4450,3421
Maharashtra,Aurangabad,Apr,Other,8,3543.333333
Maharashtra,Aurangabad,Apr,Yellow,8,3358.666667
Maharashtra,Aurangabad,Aug,Other,3,3590
Maharashtra,Aurangabad,Aug,Yellow,3,3000
Maharashtra,Aurangabad,Feb,Yellow,80,3600
Maharashtra,Aurangabad,Feb,Other,80,3602.545455
Maharashtra,Aurangabad,Jan,Yellow,2,3459.777778
Maharashtra,Aurangabad,Jan,Other,2,3613.833333
Maharashtra,Aurangabad,Jul,Yellow,15,3497.5
Maharashtra,Aurangabad,Jul,Other,15,3467.625
Maharashtra,Aurangabad,Jun,Yellow,6,3379.2
Maharashtra,Aurangabad,Jun,Other,6,3544.8
Maharashtra,Aurangabad,Mar,Yellow,21,3148
Maharashtra,Aurangabad,Mar,Other,21,3561.166667
Maharashtra,Aurangabad,May,Yellow,5,3391
Maharashtra,Aurangabad,May,Other,5,3506.666667
Maharashtra,Aurangabad,Nov,Other,439,3562
Maharashtra,Aurangabad,Oct,Other,97,3512.5
Maharashtra,Aurangabad,Sep,Other,8,3562.5
Maharashtra,Beed,Apr,Other,2736,3591.5
Maharashtra,Beed,Apr,Yellow,2736,3604.820513
Maharashtra,Beed,Aug,Other,602,3555.461538
Maharashtra,Beed,Aug,Yellow,602,3541
Maharashtra,Beed,Feb,Yellow,2608,3594.72973
Maharashtra,Beed,Feb,Other,2608,3583.814815
Maharashtra,Beed,Jan,Yellow,87,3588.333333
Maharashtra,Beed,Jan,Other,87,3617.787879
Maharashtra,Beed,Jul,Yellow,790,3498.6
Maharashtra,Beed,Jul,Other,790,3537.166667
Maharashtra,Beed,Jun,Yellow,2168,3530.22449
Maharashtra,Beed,Jun,Other,2168,3517.342105
Maharashtra,Beed,Mar,Yellow,2114,3490.529412
Maharashtra,Beed,Mar,Other,2114,3560.193548
Maharashtra,Beed,May,Yellow,2531,3580.818182
Maharashtra,Beed,May,Other,2531,3610.724138
Maharashtra,Beed,Nov,Yellow,7946,3498.588235
Maharashtra,Beed,Nov,Other,7946,3559.727273
Maharashtra,Beed,Oct,Yellow,3554,3485.333333
Maharashtra,Beed,Oct,Other,3554,3551.625
Maharashtra,Beed,Sep,Yellow,935,3525.923077
Maharashtra,Beed,Sep,Other,935,3674.111111
Maharashtra,Buldhana,Apr,Other,10244,3496.875
Maharashtra,Buldhana,Apr,Yellow,10244,3463.518987
Maharashtra,Buldhana,Aug,Other,7590,3438.888889
Maharashtra,Buldhana,Aug,Yellow,7590,3447.511111
Maharashtra,Buldhana,Feb,Yellow,12799,3503.555556
Maharashtra,Buldhana,Feb,Other,12799,3514.772727
Maharashtra,Buldhana,Jan,Yellow,728,3552.053435
Maharashtra,Buldhana,Jan,Other,728,3551.923077
Maharashtra,Buldhana,Jul,Yellow,11046,3454.876923
Maharashtra,Buldhana,Jul,Other,11046,3475.769231
Maharashtra,Buldhana,Jun,Yellow,11896,3469.608333
Maharashtra,Buldhana,Jun,Other,11896,3455.909091
Maharashtra,Buldhana,Mar,Yellow,12465,3463.137931
Maharashtra,Buldhana,Mar,Other,12465,3469.090909
Maharashtra,Buldhana,May,Yellow,13133,3514.447619
Maharashtra,Buldhana,May,Other,13133,3533.333333
Maharashtra,Buldhana,Nov,Yellow,53922,3467.780488
Maharashtra,Buldhana,Nov,Other,53922,3463.888889
Maharashtra,Buldhana,Oct,Yellow,16960,3423.457143
Maharashtra,Buldhana,Oct,Other,16960,3467.857143
Maharashtra,Buldhana,Sep,Yellow,4790,3450.804878
Maharashtra,Buldhana,Sep,Other,4790,3505
Maharashtra,Chandrapur,Apr,Other,439,3598.909091
Maharashtra,Chandrapur,Apr,Yellow,439,3598.08
Maharashtra,Chandrapur,Aug,Other,42,3580.857143
Maharashtra,Chandrapur,Aug,Yellow,42,3508.166667
Maharashtra,Chandrapur,Feb,Yellow,369,3579.352941
Maharashtra,Chandrapur,Feb,Other,369,3618.823529
Maharashtra,Chandrapur,Jan,Yellow,14,3597.088235
Maharashtra,Chandrapur,Jan,Other,14,3614.789474
Maharashtra,Chandrapur,Jul,Yellow,34,3467.333333
Maharashtra,Chandrapur,Jul,Other,34,3580.375
Maharashtra,Chandrapur,Jun,Yellow,302,3569.357143
Maharashtra,Chandrapur,Jun,Other,302,3586.642857
Maharashtra,Chandrapur,Mar,Other,335,3565
Maharashtra,Chandrapur,Mar,Yellow,335,3552.090909
Maharashtra,Chandrapur,May,Yellow,279,3630.6
Maharashtra,Chandrapur,May,Other,279,3629.083333
Maharashtra,Chandrapur,Nov,Yellow,7971,3419.375
Maharashtra,Chandrapur,Nov,Other,7971,3561.25
Maharashtra,Chandrapur,Oct,Other,51,3519.25
Maharashtra,Chandrapur,Oct,Yellow,51,3554.666667
Maharashtra,Chandrapur,Sep,Yellow,3,3399.2
Maharashtra,Chandrapur,Sep,Other,3,3577
Maharashtra,Hingoli,Apr,Other,2022,3539.666667
Maharashtra,Hingoli,Apr,Yellow,2022,3568.902439
Maharashtra,Hingoli,Aug,Other,505,3542.714286
Maharashtra,Hingoli,Aug,Yellow,505,3498.529412
Maharashtra,Hingoli,Feb,Yellow,2493,3587
Maharashtra,Hingoli,Feb,Other,2493,3533.888889
Maharashtra,Hingoli,Jan,Yellow,171,3574.45
Maharashtra,Hingoli,Jan,Other,171,3540.606061
Maharashtra,Hingoli,Jul,Yellow,894,3523
Maharashtra,Hingoli,Jul,Other,894,3481.384615
Maharashtra,Hingoli,Jun,Yellow,1511,3532.111111
Maharashtra,Hingoli,Jun,Other,1511,3483.9
Maharashtra,Hingoli,Jun,Black,1511,3660
Maharashtra,Hingoli,Mar,Other,1466,3515.761905
Maharashtra,Hingoli,Mar,Yellow,1466,3536.203704
Maharashtra,Hingoli,Mar,Black,1466,3437
Maharashtra,Hingoli,May,Yellow,1660,3572.272727
Maharashtra,Hingoli,May,Other,1660,3583.058824
Maharashtra,Hingoli,Nov,Yellow,16026,3539.666667
Maharashtra,Hingoli,Nov,Other,16026,3503.285714
Maharashtra,Hingoli,Oct,Yellow,6211,3479.583333
Maharashtra,Hingoli,Oct,Other,6211,3478.333333
Maharashtra,Hingoli,Sep,Yellow,635,3525.384615
Maharashtra,Hingoli,Sep,Other,635,3490.714286
Maharashtra,Jalana,Apr,Other,1008,3316.666667
Maharashtra,Jalana,Apr,Yellow,1008,3579.941176
Maharashtra,Jalana,Aug,Other,1054,3499.666667
Maharashtra,Jalana,Aug,Yellow,1054,3539.714286
Maharashtra,Jalana,Feb,Yellow,1977,3591.210526
Maharashtra,Jalana,Feb,Other,1977,3583.666667
Maharashtra,Jalana,Jan,Yellow,77,3577.5
Maharashtra,Jalana,Jan,Other,77,3544.583333
Maharashtra,Jalana,Jul,Other,1446,3370
Maharashtra,Jalana,Jul,Yellow,1446,3524.469388
Maharashtra,Jalana,Jun,Yellow,1505,3530.12766
Maharashtra,Jalana,Jun,Other,1505,3366.666667
Maharashtra,Jalana,Mar,Other,1100,3487.5
Maharashtra,Jalana,Mar,Yellow,1100,3574.6
Maharashtra,Jalana,May,Other,1141,3677.75
Maharashtra,Jalana,May,Yellow,1141,3607.823529
Maharashtra,Jalana,Nov,Yellow,19699,3547.642857
Maharashtra,Jalana,Nov,Other,19699,3260.333333
Maharashtra,Jalana,Oct,Yellow,12436,3533.777778
Maharashtra,Jalana,Sep,Yellow,677,3534.4375
Maharashtra,Jalgaon,Apr,Other,74,3454.52381
Maharashtra,Jalgaon,Apr,Yellow,74,3467.5
Maharashtra,Jalgaon,Aug,Other,49,3397
Maharashtra,Jalgaon,Aug,Yellow,49,2925
Maharashtra,Jalgaon,Feb,Yellow,165,3508.5
Maharashtra,Jalgaon,Feb,Other,165,3506.5
Maharashtra,Jalgaon,Jan,Yellow,13,3582.090909
Maharashtra,Jalgaon,Jan,Other,13,3729.295455
Maharashtra,Jalgaon,Jul,Yellow,19,3332.333333
Maharashtra,Jalgaon,Jul,Other,19,3395.652174
Maharashtra,Jalgaon,Jun,Yellow,38,3350.333333
Maharashtra,Jalgaon,Jun,Other,38,3428.375
Maharashtra,Jalgaon,Mar,Other,68,3491.111111
Maharashtra,Jalgaon,Mar,Yellow,68,3500
Maharashtra,Jalgaon,May,Other,27,3457.75
Maharashtra,Jalgaon,May,Yellow,27,3551.5
Maharashtra,Jalgaon,Nov,Other,1045,3478.4
Maharashtra,Jalgaon,Nov,Yellow,1045,3513.5
Maharashtra,Jalgaon,Oct,Yellow,767,3526
Maharashtra,Jalgaon,Oct,Other,767,3343.75
Maharashtra,Jalgaon,Sep,Yellow,46,3437.333333
Maharashtra,Jalgaon,Sep,Other,46,3394.571429
Maharashtra,Latur,Apr,Other,30468,3647.416667
Maharashtra,Latur,Apr,Yellow,30468,3614.631579
Maharashtra,Latur,Aug,Other,11541,3617.75
Maharashtra,Latur,Aug,Yellow,11541,3576.15625
Maharashtra,Latur,Feb,Yellow,30769,3593.448276
Maharashtra,Latur,Feb,Other,30769,3649
Maharashtra,Latur,Jan,Yellow,377,3612.342466
Maharashtra,Latur,Jan,Other,377,3650.6
Maharashtra,Latur,Jul,Other,8921,3652.3125
Maharashtra,Latur,Jul,Yellow,8921,3583.771084
Maharashtra,Latur,Jun,Yellow,23162,3607.755814
Maharashtra,Latur,Jun,Other,23162,3633.9375
Maharashtra,Latur,Mar,Other,23938,3626.222222
Maharashtra,Latur,Mar,Yellow,23938,3598.015385
Maharashtra,Latur,May,Other,20709,3878.384615
Maharashtra,Latur,May,Yellow,20709,3640.246377
Maharashtra,Latur,Nov,Other,93688,3596
Maharashtra,Latur,Nov,Yellow,93688,3585.5
Maharashtra,Latur,Oct,Yellow,21897,3578.043478
Maharashtra,Latur,Oct,Other,21897,3611.75
Maharashtra,Latur,Sep,Yellow,19540,3599.827586
Maharashtra,Latur,Sep,Other,19540,3621.833333
Maharashtra,Nagpur,Apr,Other,2231,3561.444444
Maharashtra,Nagpur,Apr,Yellow,2231,3491.575758
Maharashtra,Nagpur,Aug,Yellow,1237,3398.125
Maharashtra,Nagpur,Aug,Other,1237,3491.25
Maharashtra,Nagpur,Feb,Yellow,4032,3440.25
Maharashtra,Nagpur,Feb,Other,4032,3577.733333
Maharashtra,Nagpur,Jan,Yellow,98,3438.87234
Maharashtra,Nagpur,Jan,Other,98,3515.222222
Maharashtra,Nagpur,Jul,Other,1394,3480.230769
Maharashtra,Nagpur,Jul,Yellow,1394,3384.047619
Maharashtra,Nagpur,Jun,Yellow,1913,3380.581395
Maharashtra,Nagpur,Jun,Other,1913,3520.866667
Maharashtra,Nagpur,Mar,Other,1993,3543.375
Maharashtra,Nagpur,Mar,Yellow,1993,3418.184211
Maharashtra,Nagpur,May,Other,1481,3572.222222
Maharashtra,Nagpur,May,Yellow,1481,3457.117647
Maharashtra,Nagpur,Nov,Other,16790,3533.5
Maharashtra,Nagpur,Nov,Yellow,16790,3398.888889
Maharashtra,Nagpur,Oct,Yellow,5380,3336.866667
Maharashtra,Nagpur,Oct,Other,5380,3595.5
Maharashtra,Nagpur,Sep,Other,680,3450
Maharashtra,Nagpur,Sep,Yellow,680,3422.857143
Maharashtra,Nanded,Apr,Yellow,817,3483.736842
Maharashtra,Nanded,Apr,Other,817,3591.428571
Maharashtra,Nanded,Aug,Yellow,356,3348.571429
Maharashtra,Nanded,Aug,Other,356,3470.5
Maharashtra,Nanded,Feb,Yellow,1172,3490.869565
Maharashtra,Nanded,Feb,Other,1172,3574.5
Maharashtra,Nanded,Jan,Yellow,82,3530.405405
Maharashtra,Nanded,Jan,Other,82,3580.375
Maharashtra,Nanded,Jul,Other,157,3473.571429
Maharashtra,Nanded,Jul,Yellow,157,3326.45
Maharashtra,Nanded,Jun,Yellow,324,3494.470588
Maharashtra,Nanded,Jun,Other,324,3537.875
Maharashtra,Nanded,Mar,Other,942,3563.5
Maharashtra,Nanded,Mar,Yellow,942,3489.384615
Maharashtra,Nanded,May,Other,635,3623.571429
Maharashtra,Nanded,May,Yellow,635,3434.3125
Maharashtra,Nanded,Nov,Other,19978,3554.2
Maharashtra,Nanded,Nov,Yellow,19978,3464.3
Maharashtra,Nanded,Oct,Other,6204,3471.666667
Maharashtra,Nanded,Oct,Yellow,6204,3370.2
Maharashtra,Nanded,Sep,Other,326,3560.5
Maharashtra,Nanded,Sep,Yellow,326,3480.111111
Maharashtra,Nandurbar,Apr,Yellow,38,3300
Maharashtra,Nandurbar,Apr,Other,38,3500.428571
Maharashtra,Nandurbar,Aug,Other,2,3460
Maharashtra,Nandurbar,Feb,Other,143,3600.315789
Maharashtra,Nandurbar,Jan,Yellow,5,3575
Maharashtra,Nandurbar,Jan,Other,5,3622.066667
Maharashtra,Nandurbar,Jul,Other,11,3447.5625
Maharashtra,Nandurbar,Jun,Other,13,3439.307692
Maharashtra,Nandurbar,Mar,Other,283,3528.444444
Maharashtra,Nandurbar,Mar,Yellow,283,3225
Maharashtra,Nandurbar,May,Other,12,3549.125
Maharashtra,Nandurbar,May,Yellow,12,3700
Maharashtra,Nandurbar,Nov,Other,1361,3503.75
Maharashtra,Nandurbar,Nov,Yellow,1361,3450
Maharashtra,Nandurbar,Oct,Other,173,3505.25
Maharashtra,Nandurbar,Sep,Other,4,3496.2
Maharashtra,Nashik,Apr,Yellow,760,3362.5
Maharashtra,Nashik,Apr,Other,760,3567.979167
Maharashtra,Nashik,Aug,Yellow,497,3113
Maharashtra,Nashik,Aug,Other,497,3555.15
Maharashtra,Nashik,Feb,Yellow,705,3475.666667
Maharashtra,Nashik,Feb,Other,705,3584.313725
Maharashtra,Nashik,Jan,Yellow,21,3361.5
Maharashtra,Nashik,Jan,Other,21,3644.470588
Maharashtra,Nashik,Jul,Other,660,3522.733333
Maharashtra,Nashik,Jul,Yellow,660,3373.333333
Maharashtra,Nashik,Jun,Yellow,1058,3253.666667
Maharashtra,Nashik,Jun,Other,1058,3528.40678
Maharashtra,Nashik,Mar,Other,399,3532.292683
Maharashtra,Nashik,Mar,Yellow,399,3660
Maharashtra,Nashik,May,Yellow,794,3515.666667
Maharashtra,Nashik,May,Other,794,3582.565217
Maharashtra,Nashik,Nov,Other,4112,3483.772727
Maharashtra,Nashik,Oct,Other,1171,3537.388889
Maharashtra,Nashik,Oct,Yellow,1171,3625
Maharashtra,Nashik,Sep,Other,177,3542.733333
Maharashtra,Nashik,Sep,Yellow,177,3180
Maharashtra,Osmanabad,Apr,Yellow,713,3624.32
Maharashtra,Osmanabad,Apr,Other,713,3660.153846
Maharashtra,Osmanabad,Aug,Yellow,241,3586.769231
Maharashtra,Osmanabad,Aug,Other,241,3604.75
Maharashtra,Osmanabad,Feb,Yellow,751,3608.903226
Maharashtra,Osmanabad,Feb,Other,751,3496.666667
Maharashtra,Osmanabad,Jan,Yellow,65,3633.594595
Maharashtra,Osmanabad,Jan,Other,65,3714.142857
Maharashtra,Osmanabad,Jul,Other,622,3602
Maharashtra,Osmanabad,Jul,Yellow,622,3589.96875
Maharashtra,Osmanabad,Jun,Yellow,529,3624.148148
Maharashtra,Osmanabad,Jun,Other,529,3611.823529
Maharashtra,Osmanabad,Mar,Other,374,3613.9
Maharashtra,Osmanabad,Mar,Yellow,374,3563.44
Maharashtra,Osmanabad,May,Other,278,3608
Maharashtra,Osmanabad,May,Yellow,278,3664.136364
Maharashtra,Osmanabad,Nov,Other,9169,3571.5
Maharashtra,Osmanabad,Nov,Yellow,9169,3602.4
Maharashtra,Osmanabad,Oct,Other,3342,3582.4
Maharashtra,Osmanabad,Oct,Yellow,3342,3549.555556
Maharashtra,Osmanabad,Sep,Other,309,3676
Maharashtra,Osmanabad,Sep,Yellow,309,3591.9
Maharashtra,Parbhani,Apr,Yellow,696,3594.044444
Maharashtra,Parbhani,Apr,Other,696,3471.8
Maharashtra,Parbhani,Aug,Yellow,254,3525.764706
Maharashtra,Parbhani,Aug,Other,254,3440.5
Maharashtra,Parbhani,Feb,Yellow,678,3541.530612
Maharashtra,Parbhani,Feb,Other,678,3475
Maharashtra,Parbhani,Jan,Other,51,3498.2
Maharashtra,Parbhani,Jan,Yellow,51,3575.694444
Maharashtra,Parbhani,Jul,Other,278,3470.2
Maharashtra,Parbhani,Jul,Yellow,278,3524.45
Maharashtra,Parbhani,Jun,Other,1273,3446.2
Maharashtra,Parbhani,Jun,Yellow,1273,3438.4
Maharashtra,Parbhani,Mar,Other,386,3431
Maharashtra,Parbhani,Mar,Yellow,386,3550.547619
Maharashtra,Parbhani,May,Other,181,3550.333333
Maharashtra,Parbhani,May,Yellow,181,3571.65
Maharashtra,Parbhani,Nov,Other,8257,3495.5
Maharashtra,Parbhani,Nov,Yellow,8257,3530.25
Maharashtra,Parbhani,Oct,Other,3168,3400
Maharashtra,Parbhani,Oct,Yellow,3168,3537.428571
Maharashtra,Parbhani,Sep,Other,1311,3447
Maharashtra,Parbhani,Sep,Yellow,1311,3538
Maharashtra,Pune,Apr,Yellow,1,3611
Maharashtra,Pune,Aug,Yellow,1,3517
Maharashtra,Pune,Feb,Yellow,86,3595.5
Maharashtra,Pune,Jan,Yellow,52,3600.5
Maharashtra,Pune,Jul,Yellow,14,3400
Maharashtra,Pune,Jun,Yellow,6,3538.666667
Maharashtra,Pune,Mar,Other,61,3600
Maharashtra,Pune,Mar,Yellow,61,3352.333333
Maharashtra,Pune,May,Yellow,11,3275
Maharashtra,Pune,Nov,Yellow,304,3400
Maharashtra,Pune,Oct,Yellow,35,3531
Maharashtra,Sholapur,Apr,Other,155,3668.666667
Maharashtra,Sholapur,Aug,Other,51,3598.75
Maharashtra,Sholapur,Feb,Other,26,3331
Maharashtra,Sholapur,Jan,Other,13,3653.428571
Maharashtra,Sholapur,Jul,Other,61,3599.75
Maharashtra,Sholapur,Jun,Other,165,3406.666667
Maharashtra,Sholapur,Mar,Other,28,3512.75
Maharashtra,Sholapur,May,Other,90,3683.333333
Maharashtra,Sholapur,Nov,Other,2277,3616.666667
Maharashtra,Sholapur,Oct,Other,1217,3543
Maharashtra,Sholapur,Sep,Other,88,3685.5
Maharashtra,Vashim,Apr,Yellow,12566,3590.967742
Maharashtra,Vashim,Apr,Other,12566,3563.380952
Maharashtra,Vashim,Aug,Yellow,7115,3544.411765
Maharashtra,Vashim,Aug,Other,7115,3525.111111
Maharashtra,Vashim,Feb,Other,18180,3541.236842
Maharashtra,Vashim,Feb,Yellow,18180,3587.96875
Maharashtra,Vashim,Jan,Other,991,3561.354167
Maharashtra,Vashim,Jan,Yellow,991,3633.529412
Maharashtra,Vashim,Jul,Other,7872,3504.056604
Maharashtra,Vashim,Jul,Yellow,7872,3523.7
Maharashtra,Vashim,Jun,Other,12256,3554.173077
Maharashtra,Vashim,Jun,Yellow,12256,3550
Maharashtra,Vashim,Mar,Other,13068,3541.472727
Maharashtra,Vashim,Mar,Yellow,13068,3548.382353
Maharashtra,Vashim,May,Other,12159,3556.375
Maharashtra,Vashim,May,Yellow,12159,3600.609756
Maharashtra,Vashim,Nov,Other,59595,3521.785714
Maharashtra,Vashim,Nov,Yellow,59595,3545.666667
Maharashtra,Vashim,Oct,Other,23242,3540.833333
Maharashtra,Vashim,Oct,Yellow,23242,3551.5
Maharashtra,Vashim,Sep,Other,8673,3528.6875
Maharashtra,Vashim,Sep,Yellow,8673,3556.666667
Maharashtra,Wardha,Apr,Yellow,6897,3487.876712
Maharashtra,Wardha,Aug,Yellow,3327,3439.878788
Maharashtra,Wardha,Feb,Yellow,9891,3475.550562
Maharashtra,Wardha,Jan,Yellow,294,3485.069565
Maharashtra,Wardha,Jul,Yellow,2804,3436.459016
Maharashtra,Wardha,Jun,Yellow,4442,3456.448276
Maharashtra,Wardha,Mar,Yellow,7137,3449.347368
Maharashtra,Wardha,May,Yellow,5740,3514.917808
Maharashtra,Wardha,Nov,Yellow,39617,3424.655172
Maharashtra,Wardha,Oct,Yellow,9829,3463.964286
Maharashtra,Wardha,Sep,Yellow,1702,3442.708333
Maharashtra,Yavatmal,Apr,Yellow,3014,3535.316667
Maharashtra,Yavatmal,Aug,Yellow,2064,3479.193548
Maharashtra,Yavatmal,Feb,Yellow,6589,3519.2
Maharashtra,Yavatmal,Jan,Yellow,276,3530.753968
Maharashtra,Yavatmal,Jul,Yellow,532,3498.169811
Maharashtra,Yavatmal,Jun,Yellow,938,3507.793103
Maharashtra,Yavatmal,Mar,Yellow,1617,3491.827586
Maharashtra,Yavatmal,May,Yellow,2474,3569.571429
Maharashtra,Yavatmal,Nov,Yellow,15813,3459.529412
Maharashtra,Yavatmal,Oct,Yellow,6969,3468.55
Maharashtra,Yavatmal,Sep,Yellow,1741,3497.772727
Manipur,Bishnupur,Jun,Other,10.2,7400
Manipur,Thoubal,Jun,Other,13.5,7000
Rajasthan,Baran,Apr,Other,1280.1,3611.75
Rajasthan,Baran,Aug,Other,2007.1,3525.541667
Rajasthan,Baran,Feb,Other,6407.1,3543.467532
Rajasthan,Baran,Jan,Other,2153,3596.769231
Rajasthan,Baran,Jul,Other,3695.2,3452.73494
Rajasthan,Baran,Jun,Other,2657.8,3575.407407
Rajasthan,Baran,Mar,Other,2777.4,3535.917808
Rajasthan,Baran,May,Other,992.4,3647.097561
Rajasthan,Baran,Nov,Other,28284.1,3665.565217
Rajasthan,Baran,Oct,Other,31403.1,3498.8125
Rajasthan,Baran,Sep,Other,1589.2,3471.681818
Rajasthan,Bhilwara,Apr,Other,26.4,3588.5
Rajasthan,Bhilwara,Aug,Other,20,3750
Rajasthan,Bhilwara,Jan,Other,9580.6,3550
Rajasthan,Bhilwara,Jul,Other,52.5,3587.5
Rajasthan,Bhilwara,Jun,Other,20,3750
Rajasthan,Bhilwara,Nov,Other,29.8,1875
Rajasthan,Bundi,Apr,Other,116.3,3539.423077
Rajasthan,Bundi,Aug,Other,51,3483.15
Rajasthan,Bundi,Feb,Other,389.8,3562.238636
Rajasthan,Bundi,Jan,Other,641,3550.967391
Rajasthan,Bundi,Jul,Other,168.6,3453.842857
Rajasthan,Bundi,Jun,Other,144.3,3522.471429
Rajasthan,Bundi,Mar,Other,344.2,3482.722222
Rajasthan,Bundi,May,Other,68.7,3610.772727
Rajasthan,Bundi,Nov,Other,3010.6,3548.6
Rajasthan,Bundi,Oct,Other,2566.3,3541.166667
Rajasthan,Bundi,Sep,Other,27.1,3509.346154
Rajasthan,Chittorgarh,Apr,Other,1922.1,3722.791667
Rajasthan,Chittorgarh,Apr,Yellow,1922.1,3559.733333
Rajasthan,Chittorgarh,Aug,Other,2025.6,3487.090909
Rajasthan,Chittorgarh,Aug,Yellow,2025.6,3547
Rajasthan,Chittorgarh,Feb,Yellow,4666,3595.785714
Rajasthan,Chittorgarh,Feb,Other,4666,3547.421053
Rajasthan,Chittorgarh,Jan,Yellow,6986,3591.25
Rajasthan,Chittorgarh,Jan,Other,6986,3592.371429
Rajasthan,Chittorgarh,Jul,Yellow,5036.2,3447.411765
Rajasthan,Chittorgarh,Jul,Other,5036.2,3412.517241
Rajasthan,Chittorgarh,Jun,Yellow,3487.3,3565.375
Rajasthan,Chittorgarh,Jun,Other,3487.3,3528.875
Rajasthan,Chittorgarh,Mar,Yellow,1810,3558.533333
Rajasthan,Chittorgarh,Mar,Other,1810,3417.344828
Rajasthan,Chittorgarh,May,Yellow,3864.4,3584.75
Rajasthan,Chittorgarh,May,Other,3864.4,3500.137931
Rajasthan,Chittorgarh,Nov,Yellow,7965.2,3532.4
Rajasthan,Chittorgarh,Nov,Other,7965.2,3375.555556
Rajasthan,Chittorgarh,Oct,Yellow,3754.7,3498
Rajasthan,Chittorgarh,Oct,Other,3754.7,3489.125
Rajasthan,Chittorgarh,Sep,Yellow,750.8,3548.25
Rajasthan,Chittorgarh,Sep,Other,750.8,3439.833333
Rajasthan,Jhalawar,Apr,Other,4304,3656.770115
Rajasthan,Jhalawar,Aug,Other,4793,3583.891892
Rajasthan,Jhalawar,Feb,Other,11445.8,3550.591837
Rajasthan,Jhalawar,Jan,Other,17400.3,3604.598131
Rajasthan,Jhalawar,Jul,Other,6739,3497.903226
Rajasthan,Jhalawar,Jun,Other,6132.2,3619.938053
Rajasthan,Jhalawar,Mar,Other,5478.1,3534.638298
Rajasthan,Jhalawar,May,Other,5109.6,3676.151515
Rajasthan,Jhalawar,Nov,Other,53503.5,3572.151515
Rajasthan,Jhalawar,Oct,Other,25768.4,3564.666667
Rajasthan,Jhalawar,Sep,Other,3269.6,3564.137931
Rajasthan,Kota,Apr,Other,4168.4,3596.959184
Rajasthan,Kota,Aug,Other,8365,3553.1
Rajasthan,Kota,Feb,Other,14211.9,3508.305085
Rajasthan,Kota,Jan,Other,16404.8,3495.741935
Rajasthan,Kota,Jul,Other,10282.9,3495.888889
Rajasthan,Kota,Jun,Other,7830.9,3605.895522
Rajasthan,Kota,Mar,Other,9737.3,3503.35
Rajasthan,Kota,May,Other,5854,3642.227273
Rajasthan,Kota,Nov,Other,45273.1,3530.6
Rajasthan,Kota,Oct,Other,37684.9,3544.8
Rajasthan,Kota,Sep,Other,4258.9,3515.6
Rajasthan,Swai Madhopur,Apr,Other,0.8,3275
Rajasthan,Swai Madhopur,Aug,Other,2,3291
Rajasthan,Swai Madhopur,Feb,Other,9.7,3541.25
Rajasthan,Swai Madhopur,Jan,Other,35.2,3571.5
Rajasthan,Swai Madhopur,Jul,Other,2.1,3318
Rajasthan,Swai Madhopur,Jun,Other,0.6,3555
Rajasthan,Swai Madhopur,Mar,Other,5.4,3278.666667
Rajasthan,Swai Madhopur,May,Other,548,3455
Rajasthan,Swai Madhopur,Nov,Other,322.9,3591.666667
Rajasthan,Swai Madhopur,Oct,Other,59.6,3315
Rajasthan,Swai Madhopur,Sep,Other,1254,3505.5
Rajasthan,Tonk,Apr,Other,14,3000
Rajasthan,Tonk,Feb,Other,0.5,3100
Rajasthan,Tonk,Jan,Other,1.4,3050
Rajasthan,Tonk,Jun,Other,3.6,3050
Rajasthan,Udaipur,Apr,Other,0.6,3325
Rajasthan,Udaipur,Aug,Other,7.2,3500
Rajasthan,Udaipur,Feb,Other,4563,3450
Rajasthan,Udaipur,Jan,Other,3813,3500
Rajasthan,Udaipur,Jul,Other,20.2,3450
Rajasthan,Udaipur,Jun,Other,17.1,3616.666667
Rajasthan,Udaipur,Mar,Other,3.2,3360
Rajasthan,Udaipur,May,Other,10.1,3425
Rajasthan,Udaipur,Oct,Other,19.3,3550
Rajasthan,Udaipur,Sep,Other,52,3550
Uttar Pradesh,Kanpur,Apr,Soybean,595,4657.142857
Uttar Pradesh,Kanpur,Aug,Soybean,880,4731.25
Uttar Pradesh,Kanpur,Feb,Soybean,640,4525.555556
Uttar Pradesh,Kanpur,Jan,Soybean,492,4584.782609
Uttar Pradesh,Kanpur,Jul,Soybean,704,5170
Uttar Pradesh,Kanpur,Jun,Soybean,483,5107.142857
Uttar Pradesh,Kanpur,Mar,Soybean,565,4570.625
Uttar Pradesh,Kanpur,May,Soybean,669,4855.238095
Uttar Pradesh,Kanpur,Nov,Soybean,600,4710.714286
Uttar Pradesh,Kanpur,Oct,Soybean,426,4830
Uttar Pradesh,Kanpur,Sep,Soybean,573,4605.833333
Uttar Pradesh,Lalitpur,Apr,Yellow,98.5,3330.0625
Uttar Pradesh,Lalitpur,Aug,Yellow,225,3362.5
Uttar Pradesh,Lalitpur,Feb,Yellow,418,3375.294118
Uttar Pradesh,Lalitpur,Jan,Yellow,503.5,3253.277778
Uttar Pradesh,Lalitpur,Jul,Yellow,745,3604.210526
Uttar Pradesh,Lalitpur,Jun,Yellow,456.9,3770.952381
Uttar Pradesh,Lalitpur,Mar,Yellow,233,3322.285714
Uttar Pradesh,Lalitpur,May,Yellow,415.5,3622.111111
Uttar Pradesh,Lalitpur,Nov,Yellow,8191,3534
Uttar Pradesh,Lalitpur,Oct,Yellow,329.5,3535
Uttar Pradesh,Lalitpur,Sep,Yellow,80.4,3584
