State,District,Arrival_date,Sold_Amount/tonns,
Chattisgarh,Balodabazar,Jan,6.9,
Chattisgarh,Durg,Jan,958.5,
Chattisgarh,Kabirdham,Jan,242.4,
Chattisgarh,Mungeli,Jan,151.9,
Chattisgarh,Raipur,Jan,630.2,
Chattisgarh,Rajnandgaon,Jan,2946.9,
Chattisgarh,Balodabazar,Feb,15.5,
Chattisgarh,Durg,Feb,599,
Chattisgarh,Kabirdham,Feb,287.3,
Chattisgarh,Mungeli,Feb,96.5,
Chattisgarh,Raipur,Feb,312.9,
Chattisgarh,Rajnandgaon,Feb,4166.9,
Chattisgarh,Balodabazar,Mar,4.4,
Chattisgarh,Durg,Mar,230.6,
Chattisgarh,Kabirdham,Mar,434.5,
Chattisgarh,Mungeli,Mar,55.7,
Chattisgarh,Raipur,Mar,0.2,
Chattisgarh,Rajnandgaon,Mar,3750.6,
Chattisgarh,Balodabazar,Apr,3.1,
Chattisgarh,Durg,Apr,208.8,
Chattisgarh,Kabirdham,Apr,612.3,
Chattisgarh,Mungeli,Apr,47.8,
Chattisgarh,Raipur,Apr,500,
Chattisgarh,Rajnandgaon,Apr,4405.8,
Chattisgarh,Balodabazar,May,5.3,
Chattisgarh,Kabirdham,May,279.1,
Chattisgarh,Mungeli,May,162.6,
Chattisgarh,Raipur,May,775.4,
Chattisgarh,Rajnandgaon,May,4126.3,
Chattisgarh,Durg,May,234,
Chattisgarh,Balodabazar,Jun,1.3,
Chattisgarh,Kabirdham,Jun,278.1,
Chattisgarh,Mungeli,Jun,254.1,
Chattisgarh,Raipur,Jun,39.3,
Chattisgarh,Rajnandgaon,Jun,2396.5,
Chattisgarh,Durg,Jun,15,
Chattisgarh,Balodabazar,Jul,1.5,
Chattisgarh,Kabirdham,Jul,217.7,
Chattisgarh,Mungeli,Jul,106.3,
Chattisgarh,Raipur,Jul,41.6,
Chattisgarh,Rajnandgaon,Jul,2320.3,
Chattisgarh,Durg,Jul,456,
Chattisgarh,Balodabazar,Aug,1.8,
Chattisgarh,Kabirdham,Aug,131.5,
Chattisgarh,Mungeli,Aug,28,
Chattisgarh,Raipur,Aug,85,
Chattisgarh,Rajnandgaon,Aug,2396.4,
Chattisgarh,Durg,Aug,54,
Chattisgarh,Balodabazar,Sep,2,
Chattisgarh,Durg,Sep,29.6,
Chattisgarh,Kabirdham,Sep,80.4,
Chattisgarh,Mungeli,Sep,49.5,
Chattisgarh,Rajnandgaon,Sep,1331.6,
Chattisgarh,Raipur,Sep,154,
Chattisgarh,Balodabazar,Oct,21.9,
Chattisgarh,Durg,Oct,985.6,
Chattisgarh,Kabirdham,Oct,1435.8,
Chattisgarh,Mungeli,Oct,1434.6,
Chattisgarh,Raipur,Oct,11.4,
Chattisgarh,Rajnandgaon,Oct,11207,
Chattisgarh,Balodabazar,Nov,40.2,
Chattisgarh,Durg,Nov,579.5,
Chattisgarh,Kabirdham,Nov,2531.3,
Chattisgarh,Mungeli,Nov,2049.6,
Chattisgarh,Raipur,Nov,57.8,
Chattisgarh,Rajnandgaon,Nov,14381.7,
Gujarat,Amreli,Jan,2.9,
Gujarat,Bhavnagar,Jan,0.42,
Gujarat,Dahod,Jan,2660.9,
Gujarat,Jamnagar,Jan,9.5,
Gujarat,Junagarh,Jan,692,
Gujarat,Rajkot,Jan,170.6,
Gujarat,Sabarkantha,Jan,1709,
Gujarat,Surat,Jan,0.9,
Gujarat,Vadodara,Jan,23.5,
Gujarat,Amreli,Feb,1.7,
Gujarat,Bhavnagar,Feb,0.12,
Gujarat,Dahod,Feb,1079.5,
Gujarat,Jamnagar,Feb,2.3,
Gujarat,Junagarh,Feb,273.4,
Gujarat,Rajkot,Feb,89.2,
Gujarat,Sabarkantha,Feb,1162.6,
Gujarat,Surat,Feb,4.51,
Gujarat,Vadodara,Feb,9.8,
Gujarat,Amreli,Mar,2.1,
Gujarat,Bhavnagar,Mar,0.02,
Gujarat,Dahod,Mar,874.4,
Gujarat,Junagarh,Mar,85.9,
Gujarat,Rajkot,Mar,40.7,
Gujarat,Sabarkantha,Mar,159.4,
Gujarat,Surat,Mar,9.94,
Gujarat,Jamnagar,Mar,123,
Gujarat,Vadodara,Mar,45,
Gujarat,Amreli,Apr,1.4,
Gujarat,Bhavnagar,Apr,0.1,
Gujarat,Dahod,Apr,827.7,
Gujarat,Jamnagar,Apr,2.6,
Gujarat,Junagarh,Apr,109.4,
Gujarat,Rajkot,Apr,44.6,
Gujarat,Sabarkantha,Apr,9.8,
Gujarat,Surat,Apr,12.74,
Gujarat,Vadodara,Apr,0,
Gujarat,Amreli,May,0.8,
Gujarat,Dahod,May,990.3,
Gujarat,Jamnagar,May,0.7,
Gujarat,Junagarh,May,144.7,
Gujarat,Rajkot,May,120.4,
Gujarat,Sabarkantha,May,0.8,
Gujarat,Surat,May,0.13,
Gujarat,Bhavnagar,May,355,
Gujarat,Vadodara,May,545,
Gujarat,Amreli,Jun,0.2,
Gujarat,Dahod,Jun,918.6,
Gujarat,Jamnagar,Jun,0.3,
Gujarat,Junagarh,Jun,87.5,
Gujarat,Rajkot,Jun,66.1,
Gujarat,Sabarkantha,Jun,18.5,
Gujarat,Surat,Jun,0.12,
Gujarat,Vadodara,Jun,546,
Gujarat,Bhavnagar,Jun,241,
Gujarat,Amreli,Jul,0.3,
Gujarat,Bhavnagar,Jul,0.08,
Gujarat,Dahod,Jul,1116.6,
Gujarat,Jamnagar,Jul,0.7,
Gujarat,Junagarh,Jul,77.7,
Gujarat,Rajkot,Jul,477.1,
Gujarat,Sabarkantha,Jul,26.9,
Gujarat,Surat,Jul,4.5,
Gujarat,Vadodara,Jul,546,
Gujarat,Amreli,Aug,0.5,
Gujarat,Bhavnagar,Aug,0.05,
Gujarat,Dahod,Aug,831.3,
Gujarat,Jamnagar,Aug,0.2,
Gujarat,Junagarh,Aug,54.5,
Gujarat,Rajkot,Aug,322.7,
Gujarat,Sabarkantha,Aug,6,
Gujarat,Vadodara,Aug,65,
Gujarat,Surat,Aug,54,
Gujarat,Amreli,Sep,0.1,
Gujarat,Dahod,Sep,450.4,
Gujarat,Junagarh,Sep,119.3,
Gujarat,Rajkot,Sep,348.3,
Gujarat,Sabarkantha,Sep,2,
Gujarat,Vadodara,Sep,444,
Gujarat,Surat,Sep,35,
Gujarat,Bhavnagar,Sep,353,
Gujarat,Jamnagar,Sep,978,
Gujarat,Amreli,Oct,4.3,
Gujarat,Dahod,Oct,1230.7,
Gujarat,Jamnagar,Oct,0.5,
Gujarat,Junagarh,Oct,427.1,
Gujarat,Rajkot,Oct,981.7,
Gujarat,Sabarkantha,Oct,71,
Gujarat,Surat,Oct,92.46,
Gujarat,Vadodara,Oct,546,
Gujarat,Bhavnagar,Oct,353,
Gujarat,Amreli,Nov,14.7,
Gujarat,Bhavnagar,Nov,0.1,
Gujarat,Dahod,Nov,6085.6,
Gujarat,Jamnagar,Nov,0.2,
Gujarat,Junagarh,Nov,2986,
Gujarat,Rajkot,Nov,6052.7,
Gujarat,Sabarkantha,Nov,9754,
Gujarat,Surat,Nov,867.12,
Gujarat,Vadodara,Nov,354,
karnataka,Bangalore,Jan,16,
karnataka,Belgaum,Jan,4009,
karnataka,Bidar,Jan,4110,
karnataka,Dharwad,Jan,2418,
karnataka,Gulbarga,Jan,288,
karnataka,Haveri,Jan,383,
karnataka,Bangalore,Feb,17,
karnataka,Belgaum,Feb,1854,
karnataka,Bidar,Feb,1378,
karnataka,Dharwad,Feb,2368,
karnataka,Gulbarga,Feb,211,
karnataka,Haveri,Feb,427,
karnataka,Bangalore,Mar,24,
karnataka,Belgaum,Mar,1384,
karnataka,Bidar,Mar,841,
karnataka,Dharwad,Mar,2013,
karnataka,Gulbarga,Mar,146,
karnataka,Haveri,Mar,544,
karnataka,Bangalore,Apr,16,
karnataka,Belgaum,Apr,1795,
karnataka,Bidar,Apr,1126,
karnataka,Dharwad,Apr,4288,
karnataka,Gulbarga,Apr,114,
karnataka,Haveri,Apr,1062,
karnataka,Bangalore,May,39,
karnataka,Belgaum,May,589,
karnataka,Bidar,May,542,
karnataka,Dharwad,May,2587,
karnataka,Gulbarga,May,21,
karnataka,Haveri,May,681,
karnataka,Bangalore,Jun,13,
karnataka,Belgaum,Jun,327,
karnataka,Bidar,Jun,524,
karnataka,Dharwad,Jun,692,
karnataka,Gulbarga,Jun,42,
karnataka,Haveri,Jun,332,
karnataka,Bangalore,Jul,10,
karnataka,Belgaum,Jul,219,
karnataka,Bidar,Jul,195,
karnataka,Dharwad,Jul,673,
karnataka,Gulbarga,Jul,5,
karnataka,Haveri,Jul,223,
karnataka,Bangalore,Aug,27,
karnataka,Belgaum,Aug,432,
karnataka,Bidar,Aug,455,
karnataka,Dharwad,Aug,1859,
karnataka,Haveri,Aug,273,
karnataka,Gulbarga,Aug,254,
karnataka,Bangalore,Sep,27,
karnataka,Belgaum,Sep,432,
karnataka,Bidar,Sep,455,
karnataka,Dharwad,Sep,1859,
karnataka,Haveri,Sep,273,
karnataka,Gulbarga,Sep,54,
karnataka,Bagalkot,Oct,27,
karnataka,Bangalore,Oct,33,
karnataka,Belgaum,Oct,3080,
karnataka,Bidar,Oct,11138,
karnataka,Dharwad,Oct,559,
karnataka,Gulbarga,Oct,243,
karnataka,Haveri,Oct,358,
karnataka,Bagalkot,Nov,18,
karnataka,Bangalore,Nov,9,
karnataka,Belgaum,Nov,5477,
karnataka,Bidar,Nov,17638,
karnataka,Dharwad,Nov,458,
karnataka,Gulbarga,Nov,697,
karnataka,Haveri,Nov,863,
MP,Alirajpur,Jan,1615.2,
MP,Anupur,Jan,3,
MP,Ashoknagar,Jan,13407.1,
MP,Badwani,Jan,627.05,
MP,Betul,Jan,6305.5,
MP,Bhopal,Jan,7918.4,
MP,Burhanpur,Jan,974.7,
MP,Chhatarpur,Jan,1900.77,
MP,Chhindwara,Jan,541.39,
MP,Damoh,Jan,7339.43,
MP,Datia,Jan,6.7,
MP,Dewas,Jan,56109.98,
MP,Dhar,Jan,42130.71,
MP,Dindori,Jan,776.03,
MP,Guna,Jan,13107.14,
MP,Gwalior,Jan,49.7,
MP,Harda,Jan,25236.9,
MP,Hoshangabad,Jan,11511.8,
MP,Indore,Jan,43641.2,
MP,Jabalpur,Jan,6.7,
MP,Jhabua,Jan,13096.11,
MP,Katni,Jan,0.3,
MP,Khandwa,Jan,14431.4,
MP,Khargone,Jan,6736.73,
MP,Mandsaur,Jan,41960.05,
MP,Morena,Jan,37.2,
MP,Narsinghpur,Jan,1086.1,
MP,Neemuch,Jan,59545.03,
MP,Panna,Jan,44,
MP,Raisen,Jan,5909.8,
MP,Rajgarh,Jan,38247.75,
MP,Ratlam,Jan,52769.14,
MP,Rewa,Jan,53.95,
MP,Sagar,Jan,31574.16,
MP,Satna,Jan,181.94,
MP,Sehore,Jan,41232.1,
MP,Seoni,Jan,71.38,
MP,Shajapur,Jan,32835.73,
MP,Shehdol,Jan,252.43,
MP,Sheopur,Jan,451.41,
MP,Shivpuri,Jan,6906.2,
MP,Tikamgarh,Jan,676.58,
MP,Ujjain,Jan,91726.1,
MP,Umariya,Jan,21.5,
MP,Vidisha,Jan,21619.58,
MP,Alirajpur,Feb,1298.1,
MP,Ashoknagar,Feb,5271.7,
MP,Badwani,Feb,348.89,
MP,Betul,Feb,2968.7,
MP,Bhopal,Feb,2260,
MP,Burhanpur,Feb,123.2,
MP,Chhatarpur,Feb,2132.01,
MP,Chhindwara,Feb,79.8,
MP,Damoh,Feb,2118,
MP,Datia,Feb,6.8,
MP,Dewas,Feb,12686.75,
MP,Dhar,Feb,14427.33,
MP,Dindori,Feb,392.86,
MP,Guna,Feb,4583.96,
MP,Gwalior,Feb,20,
MP,Harda,Feb,2358.9,
MP,Hoshangabad,Feb,815.7,
MP,Indore,Feb,12118.4,
MP,Jabalpur,Feb,0.1,
MP,Jhabua,Feb,2996.71,
MP,Katni,Feb,0.6,
MP,Khandwa,Feb,2164,
MP,Khargone,Feb,1418.63,
MP,Mandsaur,Feb,11813.25,
MP,Morena,Feb,2.9,
MP,Narsinghpur,Feb,244,
MP,Neemuch,Feb,31071.4,
MP,Panna,Feb,6.3,
MP,Raisen,Feb,2150,
MP,Rajgarh,Feb,13145.21,
MP,Ratlam,Feb,14840.82,
MP,Rewa,Feb,17.2,
MP,Sagar,Feb,6520.48,
MP,Satna,Feb,126.77,
MP,Sehore,Feb,13101.73,
MP,Seoni,Feb,46.2,
MP,Shajapur,Feb,10240.97,
MP,Shehdol,Feb,80.54,
MP,Sheopur,Feb,93.54,
MP,Shivpuri,Feb,3543.5,
MP,Tikamgarh,Feb,633.22,
MP,Ujjain,Feb,18661.73,
MP,Umariya,Feb,6.06,
MP,Vidisha,Feb,4721.31,
MP,Alirajpur,Mar,1741.4,
MP,Ashoknagar,Mar,3482.9,
MP,Badwani,Mar,167.57,
MP,Betul,Mar,3410,
MP,Bhopal,Mar,1558.8,
MP,Burhanpur,Mar,53.3,
MP,Chhatarpur,Mar,4804.17,
MP,Chhindwara,Mar,201.9,
MP,Damoh,Mar,1099,
MP,Datia,Mar,20.3,
MP,Dewas,Mar,5204.39,
MP,Dhar,Mar,8716.87,
MP,Dindori,Mar,465.34,
MP,Guna,Mar,2069.97,
MP,Gwalior,Mar,1,
MP,Harda,Mar,1504,
MP,Hoshangabad,Mar,891.4,
MP,Indore,Mar,7912.5,
MP,Jabalpur,Mar,0.5,
MP,Jhabua,Mar,1524.83,
MP,Katni,Mar,6.7,
MP,Khandwa,Mar,1706.5,
MP,Khargone,Mar,784.7,
MP,Mandla,Mar,11.58,
MP,Mandsaur,Mar,7766.96,
MP,Morena,Mar,0.5,
MP,Narsinghpur,Mar,156,
MP,Neemuch,Mar,16731.3,
MP,Panna,Mar,13.1,
MP,Raisen,Mar,1040.43,
MP,Rajgarh,Mar,5329.64,
MP,Ratlam,Mar,8749.76,
MP,Rewa,Mar,204.14,
MP,Sagar,Mar,5578.85,
MP,Satna,Mar,34.34,
MP,Sehore,Mar,8014.2,
MP,Seoni,Mar,37.3,
MP,Shajapur,Mar,4296.24,
MP,Shehdol,Mar,103.27,
MP,Sheopur,Mar,64.9,
MP,Shivpuri,Mar,1125.06,
MP,Tikamgarh,Mar,359.67,
MP,Ujjain,Mar,12052.63,
MP,Umariya,Mar,6.8,
MP,Vidisha,Mar,2822.3,
MP,Alirajpur,Apr,1696.81,
MP,Anupur,Apr,0.36,
MP,Ashoknagar,Apr,2296.2,
MP,Badwani,Apr,87.69,
MP,Betul,Apr,7289.28,
MP,Bhopal,Apr,1303,
MP,Burhanpur,Apr,160.5,
MP,Chhatarpur,Apr,4055.11,
MP,Chhindwara,Apr,418.9,
MP,Damoh,Apr,1658,
MP,Datia,Apr,13.5,
MP,Dewas,Apr,14572.52,
MP,Dhar,Apr,16533.26,
MP,Dindori,Apr,939.76,
MP,Guna,Apr,1312.98,
MP,Harda,Apr,737.8,
MP,Hoshangabad,Apr,996.3,
MP,Indore,Apr,10123.6,
MP,Jhabua,Apr,4861.34,
MP,Khandwa,Apr,1517.9,
MP,Khargone,Apr,505.99,
MP,Mandsaur,Apr,9126.21,
MP,Narsinghpur,Apr,173.46,
MP,Neemuch,Apr,24053.2,
MP,Panna,Apr,23.3,
MP,Raisen,Apr,217,
MP,Rajgarh,Apr,5453.79,
MP,Ratlam,Apr,10921.21,
MP,Rewa,Apr,211.4,
MP,Sagar,Apr,4813.98,
MP,Satna,Apr,12.63,
MP,Sehore,Apr,11066.81,
MP,Seoni,Apr,154.41,
MP,Shajapur,Apr,6295.1,
MP,Shehdol,Apr,263.98,
MP,Sheopur,Apr,23.4,
MP,Shivpuri,Apr,1594.31,
MP,Tikamgarh,Apr,944.59,
MP,Ujjain,Apr,18348.24,
MP,Vidisha,Apr,929,
MP,Alirajpur,May,1821.55,
MP,Ashoknagar,May,1326.9,
MP,Badwani,May,90.7,
MP,Betul,May,6970.1,
MP,Bhopal,May,502.2,
MP,Burhanpur,May,87.9,
MP,Chhatarpur,May,1993.67,
MP,Chhindwara,May,147.8,
MP,Damoh,May,513.1,
MP,Dewas,May,8287.89,
MP,Dhar,May,13761.1,
MP,Dindori,May,483.88,
MP,Guna,May,478.6,
MP,Gwalior,May,1.5,
MP,Harda,May,558.4,
MP,Hoshangabad,May,130.6,
MP,Indore,May,10417.4,
MP,Jhabua,May,1789.46,
MP,Khandwa,May,1788.2,
MP,Khargone,May,363.65,
MP,Mandsaur,May,8975.26,
MP,Narsinghpur,May,95.3,
MP,Neemuch,May,29652.1,
MP,Raisen,May,52.4,
MP,Rajgarh,May,6322.55,
MP,Ratlam,May,11983.3,
MP,Rewa,May,0.3,
MP,Sagar,May,4188.69,
MP,Satna,May,5.77,
MP,Sehore,May,8694,
MP,Seoni,May,6.7,
MP,Shajapur,May,5277.43,
MP,Shehdol,May,106.99,
MP,Sheopur,May,13.1,
MP,Shivpuri,May,613.85,
MP,Tikamgarh,May,353.97,
MP,Ujjain,May,23824.44,
MP,Vidisha,May,1058.1,
MP,Alirajpur,Jun,1396.78,
MP,Ashoknagar,Jun,4501.5,
MP,Badwani,Jun,103,
MP,Betul,Jun,6881.6,
MP,Bhopal,Jun,1502.6,
MP,Burhanpur,Jun,129.1,
MP,Chhatarpur,Jun,643.57,
MP,Chhindwara,Jun,261.1,
MP,Damoh,Jun,1096,
MP,Dewas,Jun,13073.61,
MP,Dhar,Jun,14144.49,
MP,Dindori,Jun,125.73,
MP,Guna,Jun,2983.19,
MP,Gwalior,Jun,0.5,
MP,Harda,Jun,2403.3,
MP,Hoshangabad,Jun,579.3,
MP,Indore,Jun,9600.2,
MP,Jhabua,Jun,1499,
MP,Khandwa,Jun,2808.9,
MP,Khargone,Jun,537.23,
MP,Mandsaur,Jun,12587.02,
MP,Narsinghpur,Jun,154.2,
MP,Neemuch,Jun,29649.7,
MP,Raisen,Jun,458,
MP,Rajgarh,Jun,8406.67,
MP,Ratlam,Jun,12679.14,
MP,Rewa,Jun,233.4,
MP,Sagar,Jun,4226.42,
MP,Satna,Jun,96.78,
MP,Sehore,Jun,11829.7,
MP,Seoni,Jun,16.94,
MP,Shajapur,Jun,8195.77,
MP,Shehdol,Jun,23.47,
MP,Sheopur,Jun,14.3,
MP,Shivpuri,Jun,1448.9,
MP,Tikamgarh,Jun,83.98,
MP,Ujjain,Jun,31649.69,
MP,Vidisha,Jun,4908,
MP,Alirajpur,Jul,1529.62,
MP,Ashoknagar,Jul,5166.3,
MP,Badwani,Jul,171.3,
MP,Betul,Jul,8174,
MP,Bhopal,Jul,3821.3,
MP,Burhanpur,Jul,172.9,
MP,Chhatarpur,Jul,814.18,
MP,Chhindwara,Jul,170,
MP,Damoh,Jul,3136,
MP,Dewas,Jul,18484.41,
MP,Dhar,Jul,19223.17,
MP,Dindori,Jul,227.01,
MP,Guna,Jul,4273.64,
MP,Gwalior,Jul,7.8,
MP,Harda,Jul,4137.1,
MP,Hoshangabad,Jul,1509.1,
MP,Indore,Jul,17319.7,
MP,Jabalpur,Jul,5.3,
MP,Jhabua,Jul,2360.86,
MP,Khandwa,Jul,2397.2,
MP,Khargone,Jul,568.69,
MP,Mandsaur,Jul,34985.59,
MP,Narsinghpur,Jul,804.1,
MP,Neemuch,Jul,27313.8,
MP,Panna,Jul,16.9,
MP,Raisen,Jul,2144,
MP,Rajgarh,Jul,15790.8,
MP,Ratlam,Jul,15621.75,
MP,Rewa,Jul,295.74,
MP,Sagar,Jul,13289.2,
MP,Satna,Jul,947.9,
MP,Sehore,Jul,18170.02,
MP,Seoni,Jul,38.35,
MP,Shajapur,Jul,11750.75,
MP,Shehdol,Jul,79.91,
MP,Sheopur,Jul,32.2,
MP,Shivpuri,Jul,1330.7,
MP,Tikamgarh,Jul,393.03,
MP,Ujjain,Jul,29055.85,
MP,Vidisha,Jul,7955.54,
MP,Alirajpur,Aug,1024.25,
MP,Ashoknagar,Aug,2562,
MP,Badwani,Aug,92.6,
MP,Betul,Aug,4432,
MP,Bhopal,Aug,1204.1,
MP,Burhanpur,Aug,68.7,
MP,Chhatarpur,Aug,3359.29,
MP,Chhindwara,Aug,272.4,
MP,Damoh,Aug,2536.5,
MP,Dewas,Aug,8716.6,
MP,Dhar,Aug,12129.63,
MP,Dindori,Aug,221.7,
MP,Guna,Aug,1224.49,
MP,Gwalior,Aug,3.8,
MP,Harda,Aug,1586.5,
MP,Hoshangabad,Aug,842.5,
MP,Indore,Aug,8196.6,
MP,Jabalpur,Aug,17.8,
MP,Jhabua,Aug,1668.35,
MP,Katni,Aug,0.8,
MP,Khandwa,Aug,2512.3,
MP,Khargone,Aug,451.75,
MP,Mandsaur,Aug,5320.54,
MP,Morena,Aug,16.7,
MP,Narsinghpur,Aug,414.7,
MP,Neemuch,Aug,11954.3,
MP,Raisen,Aug,1738.1,
MP,Rajgarh,Aug,6211.51,
MP,Ratlam,Aug,9264.82,
MP,Rewa,Aug,11.4,
MP,Sagar,Aug,14730.1,
MP,Satna,Aug,237.2,
MP,Sehore,Aug,9082.01,
MP,Seoni,Aug,30.59,
MP,Shajapur,Aug,4244.12,
MP,Shehdol,Aug,71.85,
MP,Sheopur,Aug,57.7,
MP,Shivpuri,Aug,815,
MP,Tikamgarh,Aug,563.61,
MP,Ujjain,Aug,9048.39,
MP,Vidisha,Aug,3122.5,
MP,Alirajpur,Sep,857.2,
MP,Anupur,Sep,48.2,
MP,Ashoknagar,Sep,469.2,
MP,Badwani,Sep,118.85,
MP,Betul,Sep,6252.7,
MP,Bhopal,Sep,1400.2,
MP,Burhanpur,Sep,126.9,
MP,Chhatarpur,Sep,1716.6,
MP,Chhindwara,Sep,189.3,
MP,Damoh,Sep,1307.9,
MP,Dewas,Sep,8651.41,
MP,Dhar,Sep,14063.49,
MP,Dindori,Sep,292.17,
MP,Guna,Sep,411.13,
MP,Harda,Sep,1046.2,
MP,Hoshangabad,Sep,829.3,
MP,Indore,Sep,11508.4,
MP,Jabalpur,Sep,21.4,
MP,Jhabua,Sep,2522.92,
MP,Khandwa,Sep,1989.2,
MP,Khargone,Sep,363.33,
MP,Mandsaur,Sep,5062.39,
MP,Morena,Sep,36.3,
MP,Narsinghpur,Sep,267.3,
MP,Neemuch,Sep,7194.5,
MP,Raisen,Sep,1245,
MP,Rajgarh,Sep,3153.95,
MP,Ratlam,Sep,9090.04,
MP,Rewa,Sep,13.25,
MP,Sagar,Sep,7427.8,
MP,Satna,Sep,124.06,
MP,Sehore,Sep,6997.5,
MP,Seoni,Sep,49.62,
MP,Shajapur,Sep,2649.94,
MP,Shehdol,Sep,27.7,
MP,Sheopur,Sep,103.1,
MP,Shivpuri,Sep,695.08,
MP,Tikamgarh,Sep,228.1,
MP,Ujjain,Sep,9896.96,
MP,Vidisha,Sep,1654.8,
MP,Alirajpur,Oct,805.5,
MP,Ashoknagar,Oct,27809.4,
MP,Badwani,Oct,94.38,
MP,Betul,Oct,244.5,
MP,Bhopal,Oct,12566.3,
MP,Burhanpur,Oct,782.8,
MP,Chhatarpur,Oct,687.83,
MP,Chhindwara,Oct,108.2,
MP,Damoh,Oct,10143,
MP,Dewas,Oct,46300.22,
MP,Dhar,Oct,23857.28,
MP,Dindori,Oct,51.99,
MP,Guna,Oct,40492.33,
MP,Gwalior,Oct,115,
MP,Harda,Oct,24599.2,
MP,Hoshangabad,Oct,5237.5,
MP,Indore,Oct,33499.8,
MP,Jabalpur,Oct,18.35,
MP,Jhabua,Oct,10025.29,
MP,Katni,Oct,0.2,
MP,Khandwa,Oct,20067.57,
MP,Khargone,Oct,6661.81,
MP,Mandsaur,Oct,9473.66,
MP,Morena,Oct,11,
MP,Narsinghpur,Oct,1086.7,
MP,Neemuch,Oct,21161.2,
MP,Panna,Oct,156.6,
MP,Raisen,Oct,5789.2,
MP,Rajgarh,Oct,47097.45,
MP,Ratlam,Oct,25922.41,
MP,Sagar,Oct,32477.5,
MP,Satna,Oct,1710.21,
MP,Sehore,Oct,36707.32,
MP,Seoni,Oct,8.8,
MP,Shajapur,Oct,32380.47,
MP,Sheopur,Oct,2602.7,
MP,Shivpuri,Oct,24136.5,
MP,Tikamgarh,Oct,1082.74,
MP,Ujjain,Oct,75782.86,
MP,Vidisha,Oct,31189.1,
MP,Alirajpur,Nov,1718.4,
MP,Ashoknagar,Nov,44395,
MP,Badwani,Nov,551.44,
MP,Betul,Nov,3623.2,
MP,Bhopal,Nov,20347.7,
MP,Burhanpur,Nov,2412,
MP,Chhatarpur,Nov,1102.6,
MP,Chhindwara,Nov,190.8,
MP,Damoh,Nov,13749,
MP,Dewas,Nov,61801.52,
MP,Dhar,Nov,39825.91,
MP,Dindori,Nov,572.4,
MP,Guna,Nov,48177.56,
MP,Gwalior,Nov,147.8,
MP,Harda,Nov,36801.7,
MP,Hoshangabad,Nov,13131.2,
MP,Indore,Nov,36518,
MP,Jabalpur,Nov,41.5,
MP,Jhabua,Nov,24651.04,
MP,Katni,Nov,15.3,
MP,Khandwa,Nov,13649.2,
MP,Khargone,Nov,10799.32,
MP,Mandla,Nov,1.1,
MP,Mandsaur,Nov,16510.04,
MP,Morena,Nov,46.2,
MP,Narsinghpur,Nov,4167.18,
MP,Neemuch,Nov,33575.6,
MP,Panna,Nov,124.2,
MP,Raisen,Nov,7217.5,
MP,Rajgarh,Nov,56513.31,
MP,Ratlam,Nov,52218.49,
MP,Rewa,Nov,5.7,
MP,Sagar,Nov,45190.8,
MP,Satna,Nov,2708.95,
MP,Sehore,Nov,55850.27,
MP,Shajapur,Nov,43523.07,
MP,Shehdol,Nov,292,
MP,Sheopur,Nov,2305.2,
MP,Shivpuri,Nov,37217.01,
MP,Tikamgarh,Nov,1715.53,
MP,Ujjain,Nov,98430.3,
MP,Umariya,Nov,267.16,
MP,Vidisha,Nov,46863.2,
maharastra,Ahmednagar,Jan,14,
maharastra,Akola,Jan,361,
maharastra,Amarawati,Jan,201,
maharastra,Aurangabad,Jan,2,
maharastra,Beed,Jan,87,
maharastra,Pune,Jan,52,
maharastra,Buldhana,Jan,728,
maharastra,Chandrapur,Jan,14,
maharastra,Hingoli,Jan,171,
maharastra,Jalana,Jan,77,
maharastra,Jalgaon,Jan,13,
maharastra,Latur,Jan,377,
maharastra,Nagpur,Jan,98,
maharastra,Nanded,Jan,82,
maharastra,Nandurbar,Jan,5,
maharastra,Nashik,Jan,21,
maharastra,Osmanabad,Jan,65,
maharastra,Parbhani,Jan,51,
maharastra,Sholapur,Jan,13,
maharastra,Vashim,Jan,991,
maharastra,Wardha,Jan,294,
maharastra,Yavatmal,Jan,276,
maharastra,Ahmednagar,Feb,437,
maharastra,Akola,Feb,5000,
maharastra,Amarawati,Feb,12660,
maharastra,Aurangabad,Feb,80,
maharastra,Beed,Feb,2608,
maharastra,Buldhana,Feb,12799,
maharastra,Chandrapur,Feb,369,
maharastra,Hingoli,Feb,2493,
maharastra,Jalana,Feb,1977,
maharastra,Jalgaon,Feb,165,
maharastra,Latur,Feb,30769,
maharastra,Nagpur,Feb,4032,
maharastra,Nanded,Feb,1172,
maharastra,Nandurbar,Feb,143,
maharastra,Nashik,Feb,705,
maharastra,Osmanabad,Feb,751,
maharastra,Parbhani,Feb,678,
maharastra,Pune,Feb,86,
maharastra,Sholapur,Feb,26,
maharastra,Vashim,Feb,18180,
maharastra,Wardha,Feb,9891,
maharastra,Yavatmal,Feb,6589,
maharastra,Ahmednagar,Mar,303,
maharastra,Akola,Mar,4105,Â 
maharastra,Amarawati,Mar,6874,
maharastra,Aurangabad,Mar,21,
maharastra,Beed,Mar,2114,
maharastra,Buldhana,Mar,12465,
maharastra,Chandrapur,Mar,335,
maharastra,Hingoli,Mar,1466,
maharastra,Jalana,Mar,1100,
maharastra,Jalgaon,Mar,68,
maharastra,Latur,Mar,23938,
maharastra,Nagpur,Mar,1993,
maharastra,Nanded,Mar,942,
maharastra,Nandurbar,Mar,283,
maharastra,Nashik,Mar,399,
maharastra,Osmanabad,Mar,374,
maharastra,Parbhani,Mar,386,
maharastra,Pune,Mar,61,
maharastra,Sholapur,Mar,28,
maharastra,Vashim,Mar,13068,
maharastra,Wardha,Mar,7137,
maharastra,Yavatmal,Mar,1617,
maharastra,Ahmednagar,Apr,245,
maharastra,Akola,Apr,3594,
maharastra,Amarawati,Apr,7354,
maharastra,Aurangabad,Apr,8,
maharastra,Beed,Apr,2736,
maharastra,Buldhana,Apr,10244,
maharastra,Chandrapur,Apr,439,
maharastra,Hingoli,Apr,2022,
maharastra,Jalana,Apr,1008,
maharastra,Jalgaon,Apr,74,
maharastra,Latur,Apr,30468,
maharastra,Nagpur,Apr,2231,
maharastra,Nanded,Apr,817,
maharastra,Nandurbar,Apr,38,
maharastra,Nashik,Apr,760,
maharastra,Osmanabad,Apr,713,
maharastra,Parbhani,Apr,696,
maharastra,Pune,Apr,1,
maharastra,Sholapur,Apr,155,
maharastra,Vashim,Apr,12566,
maharastra,Wardha,Apr,6897,
maharastra,Yavatmal,Apr,3014,
maharastra,Ahmednagar,May,281,
maharastra,Akola,May,3381,
maharastra,Amarawati,May,5716,
maharastra,Aurangabad,May,5,
maharastra,Beed,May,2531,
maharastra,Buldhana,May,13133,
maharastra,Chandrapur,May,279,
maharastra,Hingoli,May,1660,
maharastra,Jalana,May,1141,
maharastra,Jalgaon,May,27,
maharastra,Latur,May,20709,
maharastra,Nagpur,May,1481,
maharastra,Nanded,May,635,
maharastra,Nandurbar,May,12,
maharastra,Nashik,May,794,
maharastra,Osmanabad,May,278,
maharastra,Parbhani,May,181,
maharastra,Pune,May,11,
maharastra,Sholapur,May,90,
maharastra,Vashim,May,12159,
maharastra,Wardha,May,5740,
maharastra,Yavatmal,May,2474,
maharastra,Ahmednagar,Jun,279,
maharastra,Akola,Jun,4357,
maharastra,Amarawati,Jun,5963,
maharastra,Aurangabad,Jun,6,
maharastra,Beed,Jun,2168,
maharastra,Buldhana,Jun,11896,
maharastra,Chandrapur,Jun,302,
maharastra,Hingoli,Jun,1511,
maharastra,Jalana,Jun,1505,
maharastra,Jalgaon,Jun,38,
maharastra,Latur,Jun,23162,
maharastra,Nagpur,Jun,1913,
maharastra,Nanded,Jun,324,
maharastra,Nandurbar,Jun,13,
maharastra,Nashik,Jun,1058,
maharastra,Osmanabad,Jun,529,
maharastra,Parbhani,Jun,1273,
maharastra,Pune,Jun,6,
maharastra,Sholapur,Jun,165,
maharastra,Vashim,Jun,12256,
maharastra,Wardha,Jun,4442,
maharastra,Yavatmal,Jun,938,
maharastra,Ahmednagar,Jul,184,
maharastra,Akola,Jul,3113,
maharastra,Amarawati,Jul,2938,
maharastra,Aurangabad,Jul,15,
maharastra,Beed,Jul,790,
maharastra,Buldhana,Jul,11046,
maharastra,Chandrapur,Jul,34,
maharastra,Hingoli,Jul,894,
maharastra,Jalana,Jul,1446,
maharastra,Jalgaon,Jul,19,
maharastra,Latur,Jul,8921,
maharastra,Nagpur,Jul,1394,
maharastra,Nanded,Jul,157,
maharastra,Nandurbar,Jul,11,
maharastra,Nashik,Jul,660,
maharastra,Osmanabad,Jul,622,
maharastra,Parbhani,Jul,278,
maharastra,Sholapur,Jul,61,
maharastra,Vashim,Jul,7872,
maharastra,Wardha,Jul,2804,
maharastra,Yavatmal,Jul,532,
maharastra,Pune,Jul,14,
maharastra,Ahmednagar,Aug,182,
maharastra,Akola,Aug,2528,
maharastra,Amarawati,Aug,4565,
maharastra,Aurangabad,Aug,3,
maharastra,Beed,Aug,602,
maharastra,Buldhana,Aug,7590,
maharastra,Hingoli,Aug,505,
maharastra,Jalana,Aug,1054,
maharastra,Jalgaon,Aug,49,
maharastra,Latur,Aug,11541,
maharastra,Nagpur,Aug,1237,
maharastra,Nanded,Aug,356,
maharastra,Nandurbar,Aug,2,
maharastra,Nashik,Aug,497,
maharastra,Osmanabad,Aug,241,
maharastra,Parbhani,Aug,254,
maharastra,Pune,Aug,1,
maharastra,Sholapur,Aug,51,
maharastra,Vashim,Aug,7115,
maharastra,Wardha,Aug,3327,
maharastra,Yavatmal,Aug,2064,
maharastra,Chandrapur,Aug,42,
maharastra,Ahmednagar,Sep,226,
maharastra,Akola,Sep,2378,
maharastra,Amarawati,Sep,4450,
maharastra,Aurangabad,Sep,8,
maharastra,Beed,Sep,935,
maharastra,Buldhana,Sep,4790,
maharastra,Chandrapur,Sep,3,
maharastra,Hingoli,Sep,635,
maharastra,Jalana,Sep,677,
maharastra,Jalgaon,Sep,46,
maharastra,Latur,Sep,19540,
maharastra,Nagpur,Sep,680,
maharastra,Nanded,Sep,326,
maharastra,Nandurbar,Sep,4,
maharastra,Nashik,Sep,177,
maharastra,Osmanabad,Sep,309,
maharastra,Parbhani,Sep,1311,
maharastra,Pune,Sep,2,
maharastra,Sholapur,Sep,88,
maharastra,Vashim,Sep,8673,
maharastra,Wardha,Sep,1702,
maharastra,Yavatmal,Sep,1741,
maharastra,Ahmednagar,Oct,2243,
maharastra,Akola,Oct,8810,
maharastra,Amarawati,Oct,18642,
maharastra,Aurangabad,Oct,97,
maharastra,Beed,Oct,3554,
maharastra,Buldhana,Oct,16960,
maharastra,Chandrapur,Oct,51,
maharastra,Hingoli,Oct,6211,
maharastra,Jalana,Oct,12436,
maharastra,Jalgaon,Oct,767,
maharastra,Latur,Oct,21897,
maharastra,Nagpur,Oct,5380,
maharastra,Nanded,Oct,6204,
maharastra,Nandurbar,Oct,173,
maharastra,Nashik,Oct,1171,
maharastra,Osmanabad,Oct,3342,
maharastra,Parbhani,Oct,3168,
maharastra,Pune,Oct,35,
maharastra,Sholapur,Oct,1217,
maharastra,Vashim,Oct,23242,
maharastra,Wardha,Oct,9829,
maharastra,Yavatmal,Oct,6969,
maharastra,Ahmednagar,Nov,4863,
maharastra,Akola,Nov,22155,
maharastra,Amarawati,Nov,42861,
maharastra,Aurangabad,Nov,439,
maharastra,Beed,Nov,7946,
maharastra,Buldhana,Nov,53922,
maharastra,Chandrapur,Nov,7971,
maharastra,Hingoli,Nov,16026,
maharastra,Jalana,Nov,19699,
maharastra,Jalgaon,Nov,1045,
maharastra,Latur,Nov,93688,
maharastra,Nagpur,Nov,16790,
maharastra,Nanded,Nov,19978,
maharastra,Nandurbar,Nov,1361,
maharastra,Nashik,Nov,4112,
maharastra,Osmanabad,Nov,9169,
maharastra,Parbhani,Nov,8257,
maharastra,Pune,Nov,304,
maharastra,Sholapur,Nov,2277,
maharastra,Vashim,Nov,59595,
maharastra,Wardha,Nov,39617,
maharastra,Yavatmal,Nov,15813,
Manipur,Bishnupur,Jan,8.6,
Manipur,Chandel,Jan,1.4,
Manipur,Imphal East,Jan,4.2,
Manipur,Imphal West,Jan,71.8,
Manipur,Thoubal,Jan,10.2,
Manipur,Bishnupur,Feb,8.1,
Manipur,Chandel,Feb,1.7,
Manipur,Imphal East,Feb,4.3,
Manipur,Imphal West,Feb,88.5,
Manipur,Thoubal,Feb,9.8,
Manipur,Bishnupur,Mar,10,
Manipur,Chandel,Mar,1.7,
Manipur,Imphal East,Mar,3.6,
Manipur,Imphal West,Mar,110.4,
Manipur,Thoubal,Mar,13,
Manipur,Bishnupur,Apr,8.1,
Manipur,Chandel,Apr,1.6,
Manipur,Imphal East,Apr,2.3,
Manipur,Imphal West,Apr,92.6,
Manipur,Thoubal,Apr,11.8,
Manipur,Bishnupur,May,10,
Manipur,Chandel,May,3.2,
Manipur,Imphal East,May,2.6,
Manipur,Imphal West,May,121,
Manipur,Thoubal,May,13.9,
Manipur,Bishnupur,Jun,10.2,
Manipur,Chandel,Jun,2,
Manipur,Imphal East,Jun,2.3,
Manipur,Imphal West,Jun,94,
Manipur,Thoubal,Jun,13.5,
Manipur,Bishnupur,Jul,9.9,
Manipur,Chandel,Jul,2.2,
Manipur,Imphal East,Jul,2.2,
Manipur,Imphal West,Jul,107,
Manipur,Thoubal,Jul,10.4,
Manipur,Bishnupur,Aug,9.4,
Manipur,Chandel,Aug,1.7,
Manipur,Imphal East,Aug,2.2,
Manipur,Imphal West,Aug,103.6,
Manipur,Thoubal,Aug,9.8,
Manipur,Bishnupur,Sep,9,
Manipur,Chandel,Sep,2,
Manipur,Imphal East,Sep,2.8,
Manipur,Imphal West,Sep,90.2,
Manipur,Thoubal,Sep,8.9,
Manipur,Bishnupur,Oct,9.3,
Manipur,Chandel,Oct,2.4,
Manipur,Imphal East,Oct,3,
Manipur,Imphal West,Oct,105.6,
Manipur,Thoubal,Oct,9.4,
Manipur,Bishnupur,Nov,8.4,
Manipur,Chandel,Nov,3,
Manipur,Imphal East,Nov,4,
Manipur,Imphal West,Nov,112,
Manipur,Thoubal,Nov,7.2,
rajasthan,Tonk,Jan,1.4,
rajasthan,Swai Madhopur,Jan,35.2,
rajasthan,Kota,Jan,16404.8,
rajasthan,Jhalawar,Jan,17400.3,
rajasthan,Chittorgarh,Jan,6986,
rajasthan,Bundi,Jan,641,
rajasthan,Bhilwara,Jan,9580.6,
rajasthan,Baran,Jan,2153,
rajasthan,Udaipur,Jan,3813,
rajasthan,Swai Madhopur,Feb,9.7,
rajasthan,Bundi,Feb,389.8,
rajasthan,Chittorgarh,Feb,4666,
rajasthan,Jhalawar,Feb,11445.8,
rajasthan,Baran,Feb,6407.1,
rajasthan,Tonk,Feb,0.5,
rajasthan,Udaipur,Feb,4563,
rajasthan,Kota,Feb,14211.9,
rajasthan,Baran,Mar,2777.4,
rajasthan,Udaipur,Mar,3.2,
rajasthan,Swai Madhopur,Mar,5.4,
rajasthan,Kota,Mar,9737.3,
rajasthan,Jhalawar,Mar,5478.1,
rajasthan,Chittorgarh,Mar,1810,
rajasthan,Bundi,Mar,344.2,
rajasthan,Baran,Apr,1280.1,
rajasthan,Udaipur,Apr,0.6,
rajasthan,Bhilwara,Apr,26.4,
rajasthan,Tonk,Apr,14,
rajasthan,Swai Madhopur,Apr,0.8,
rajasthan,Kota,Apr,4168.4,
rajasthan,Jhalawar,Apr,4304,
rajasthan,Chittorgarh,Apr,1922.1,
rajasthan,Bundi,Apr,116.3,
rajasthan,Baran,May,992.4,
rajasthan,Bundi,May,68.7,
rajasthan,Chittorgarh,May,3864.4,
rajasthan,Jhalawar,May,5109.6,
rajasthan,Kota,May,5854,
rajasthan,Swai Madhopur,May,548,
rajasthan,Udaipur,May,10.1,
rajasthan,Bundi,Jun,144.3,
rajasthan,Chittorgarh,Jun,3487.3,
rajasthan,Jhalawar,Jun,6132.2,
rajasthan,Tonk,Jun,3.6,
rajasthan,Swai Madhopur,Jun,0.6,
rajasthan,Bhilwara,Jun,20,
rajasthan,Udaipur,Jun,17.1,
rajasthan,Kota,Jun,7830.9,
rajasthan,Baran,Jun,2657.8,
rajasthan,Jhalawar,Jul,6739,
rajasthan,Swai Madhopur,Jul,2.1,
rajasthan,Kota,Jul,10282.9,
rajasthan,Chittorgarh,Jul,5036.2,
rajasthan,Bundi,Jul,168.6,
rajasthan,Bhilwara,Jul,52.5,
rajasthan,Baran,Jul,3695.2,
rajasthan,Udaipur,Jul,20.2,
rajasthan,Baran,Aug,2007.1,
rajasthan,Bundi,Aug,51,
rajasthan,Chittorgarh,Aug,2025.6,
rajasthan,Jhalawar,Aug,4793,
rajasthan,Kota,Aug,8365,
rajasthan,Swai Madhopur,Aug,2,
rajasthan,Udaipur,Aug,7.2,
rajasthan,Bhilwara,Aug,20,
rajasthan,Udaipur,Sep,52,
rajasthan,Kota,Sep,4258.9,
rajasthan,Jhalawar,Sep,3269.6,
rajasthan,Chittorgarh,Sep,750.8,
rajasthan,Bundi,Sep,27.1,
rajasthan,Baran,Sep,1589.2,
rajasthan,Swai Madhopur,Sep,1254,
rajasthan,Udaipur,Oct,19.3,
rajasthan,Swai Madhopur,Oct,59.6,
rajasthan,Kota,Oct,37684.9,
rajasthan,Jhalawar,Oct,25768.4,
rajasthan,Chittorgarh,Oct,3754.7,
rajasthan,Bundi,Oct,2566.3,
rajasthan,Baran,Oct,31403.1,
rajasthan,Swai Madhopur,Nov,322.9,
rajasthan,Kota,Nov,45273.1,
rajasthan,Jhalawar,Nov,53503.5,
rajasthan,Chittorgarh,Nov,7965.2,
rajasthan,Bundi,Nov,3010.6,
rajasthan,Bhilwara,Nov,29.8,
rajasthan,Baran,Nov,28284.1,
Uttar Pradesh,Kanpur,Jan,492,
Uttar Pradesh,Lalitpur,Jan,503.5,
Uttar Pradesh,Kanpur,Feb,640,
Uttar Pradesh,Lalitpur,Feb,418,
Uttar Pradesh,Kanpur,Mar,565,
Uttar Pradesh,Lalitpur,Mar,233,
Uttar Pradesh,Kanpur,Apr,595,
Uttar Pradesh,Lalitpur,Apr,98.5,
Uttar Pradesh,Kanpur,May,669,
Uttar Pradesh,Lalitpur,May,415.5,
Uttar Pradesh,Kanpur,Jun,483,
Uttar Pradesh,Lalitpur,Jun,456.9,
Uttar Pradesh,Kanpur,Jul,704,
Uttar Pradesh,Lalitpur,Jul,745,
Uttar Pradesh,Kanpur,Aug,880,
Uttar Pradesh,Lalitpur,Aug,225,
Uttar Pradesh,Kanpur,Sep,573,
Uttar Pradesh,Lalitpur,Sep,80.4,
Uttar Pradesh,Kanpur,Oct,426,
Uttar Pradesh,Lalitpur,Oct,329.5,
Uttar Pradesh,Kanpur,Nov,600,
Uttar Pradesh,Lalitpur,Nov,8191,
