Date,Market Name,Commodity,Variety,Grade,Min Price (Rs./Quintal),Max Price (Rs./Quintal),Arrival/Quintol,Yield,Rainfall/mm,MSP/quintal,Modal Price (Rs./Quintal)
04-Jan-17,Sanwer,Soyabean,Yellow,FAQ,2700,3005,2133.7,815,0,3050,2839
06-Jan-17,Sanwer,Soyabean,Yellow,FAQ,2700,3000,2133.7,815,0,3050,2950
07-Jan-17,Sanwer,Soyabean,Yellow,FAQ,2730,2996,2133.7,815,0,3050,2850
09-Jan-17,Sanwer,Soyabean,Yellow,FAQ,2681,2903,2133.7,815,0,3050,2825
10-Jan-17,Sanwer,Soyabean,Yellow,FAQ,2675,2888,2133.7,815,0,3050,2775
11-Jan-17,Sanwer,Soyabean,Yellow,FAQ,2752,3221,2133.7,815,0,3050,2870
12-Jan-17,Sanwer,Soyabean,Yellow,FAQ,2700,2934,2133.7,815,0,3050,2825
13-Jan-17,Sanwer,Soyabean,Yellow,FAQ,2696,2960,2133.7,815,0,3050,2811
16-Jan-17,Sanwer,Soyabean,Yellow,FAQ,2782,3010,2133.7,815,0,3050,2803
17-Jan-17,Sanwer,Soyabean,Yellow,FAQ,2811,3025,2133.7,815,0,3050,2811
20-Jan-17,Sanwer,Soyabean,Yellow,FAQ,2700,3026,2133.7,815,0,3050,2908
21-Jan-17,Sanwer,Soyabean,Yellow,FAQ,2802,2985,2133.7,815,0,3050,2840
23-Jan-17,Sanwer,Soyabean,Yellow,FAQ,2681,3000,2133.7,815,0,3050,2821
25-Jan-17,Sanwer,Soyabean,Yellow,FAQ,2700,2909,2133.7,815,0,3050,2850
27-Jan-17,Sanwer,Soyabean,Yellow,FAQ,2750,2910,2133.7,815,0,3050,2825
28-Jan-17,Sanwer,Soyabean,Yellow,FAQ,2750,3061,2133.7,815,0,3050,2846
30-Jan-17,Sanwer,Soyabean,Yellow,FAQ,2700,2899,2133.7,815,0,3050,2800
31-Jan-17,Sanwer,Soyabean,Yellow,FAQ,2751,2884,2133.7,815,0,3050,2850
01-Feb-17,Sanwer,Soyabean,Yellow,FAQ,2700,2851,1778.1,815,0,3050,2775
02-Feb-17,Sanwer,Soyabean,Yellow,FAQ,2800,2941,1778.1,815,0,3050,2810
03-Feb-17,Sanwer,Soyabean,Yellow,FAQ,2792,2982,1778.1,815,0,3050,2825
04-Feb-17,Sanwer,Soyabean,Yellow,FAQ,2750,3003,1778.1,815,0,3050,2901
07-Feb-17,Sanwer,Soyabean,Yellow,FAQ,2700,2968,1778.1,815,0,3050,2841
08-Feb-17,Sanwer,Soyabean,Yellow,FAQ,2695,2935,1778.1,815,0,3050,2845
09-Feb-17,Sanwer,Soyabean,Yellow,FAQ,2711,2956,1778.1,815,0,3050,2841
11-Feb-17,Sanwer,Soyabean,Yellow,FAQ,2802,2985,1778.1,815,0,3050,2870
13-Feb-17,Sanwer,Soyabean,Yellow,FAQ,2700,2875,1778.1,815,0,3050,2800
14-Feb-17,Sanwer,Soyabean,Yellow,FAQ,2690,2858,1778.1,815,0,3050,2760
15-Feb-17,Sanwer,Soyabean,Yellow,FAQ,2690,2992,1778.1,815,0,3050,2761
16-Feb-17,Sanwer,Soyabean,Yellow,FAQ,2700,2853,1778.1,815,0,3050,2760
18-Feb-17,Sanwer,Soyabean,Yellow,FAQ,2652,2841,1778.1,815,0,3050,2722
20-Feb-17,Sanwer,Soyabean,Yellow,FAQ,2700,2852,1778.1,815,0,3050,2755
21-Feb-17,Sanwer,Soyabean,Yellow,FAQ,2700,2826,1778.1,815,0,3050,2752
22-Feb-17,Sanwer,Soyabean,Yellow,FAQ,2620,2807,1778.1,815,0,3050,2766
23-Feb-17,Sanwer,Soyabean,Yellow,FAQ,2658,2836,1778.1,815,0,3050,2751
25-Feb-17,Sanwer,Soyabean,Yellow,FAQ,2325,2775,1778.1,815,0,3050,2750
27-Feb-17,Sanwer,Soyabean,Yellow,FAQ,2700,2849,1778.1,815,0,3050,2789
28-Feb-17,Sanwer,Soyabean,Yellow,FAQ,2650,2860,1778.1,815,0,3050,2775
01-Mar-17,Sanwer,Soyabean,Yellow,FAQ,2825,2878,640.7,815,0,3050,2841
02-Mar-17,Sanwer,Soyabean,Yellow,FAQ,2642,2872,640.7,815,0,3050,2808
03-Mar-17,Sanwer,Soyabean,Yellow,FAQ,2600,2851,640.7,815,0,3050,2775
04-Mar-17,Sanwer,Soyabean,Yellow,FAQ,2731,2900,640.7,815,0,3050,2773
06-Mar-17,Sanwer,Soyabean,Yellow,FAQ,2750,2841,640.7,815,0,3050,2810
07-Mar-17,Sanwer,Soyabean,Yellow,FAQ,2776,2842,640.7,815,0,3050,2801
08-Mar-17,Sanwer,Soyabean,Yellow,FAQ,2651,2769,640.7,815,0,3050,2722
09-Mar-17,Sanwer,Soyabean,Yellow,FAQ,2659,2760,640.7,815,0,3050,2725
10-Mar-17,Sanwer,Soyabean,Yellow,FAQ,2676,2811,640.7,815,0,3050,2770
15-Mar-17,Sanwer,Soyabean,Yellow,FAQ,2622,2777,640.7,815,0,3050,2750
16-Mar-17,Sanwer,Soyabean,Yellow,FAQ,2645,2781,640.7,815,0,3050,2745
18-Mar-17,Sanwer,Soyabean,Yellow,FAQ,2751,2820,640.7,815,0,3050,2800
20-Mar-17,Sanwer,Soyabean,Yellow,FAQ,2650,2836,640.7,815,0,3050,2800
21-Mar-17,Sanwer,Soyabean,Yellow,FAQ,2725,2810,640.7,815,0,3050,2765
22-Mar-17,Sanwer,Soyabean,Yellow,FAQ,2670,2807,640.7,815,0,3050,2757
23-Mar-17,Sanwer,Soyabean,Yellow,FAQ,2670,2807,640.7,815,0,3050,2757
24-Mar-17,Sanwer,Soyabean,Yellow,FAQ,2700,2820,640.7,815,0,3050,2725
25-Mar-17,Sanwer,Soyabean,Yellow,FAQ,2725,2800,640.7,815,0,3050,2780
27-Mar-17,Sanwer,Soyabean,Yellow,FAQ,2776,2797,640.7,815,0,3050,2776
30-Mar-17,Sanwer,Soyabean,Yellow,FAQ,2650,2675,640.7,815,0,3050,2650
03-Apr-17,Sanwer,Soyabean,Yellow,FAQ,2732,2832,513.4,815,0,3050,2821
04-Apr-17,Sanwer,Soyabean,Yellow,FAQ,2626,2756,513.4,815,0,3050,2751
06-Apr-17,Sanwer,Soyabean,Yellow,FAQ,2758,2822,513.4,815,0,3050,2758
07-Apr-17,Sanwer,Soyabean,Yellow,FAQ,2781,2837,513.4,815,0,3050,2821
08-Apr-17,Sanwer,Soyabean,Yellow,FAQ,2485,2837,513.4,815,0,3050,2781
10-Apr-17,Sanwer,Soyabean,Yellow,FAQ,2485,2751,513.4,815,0,3050,2700
11-Apr-17,Sanwer,Soyabean,Yellow,FAQ,2789,2828,513.4,815,0,3050,2789
12-Apr-17,Sanwer,Soyabean,Yellow,FAQ,2760,2804,513.4,815,0,3050,2800
13-Apr-17,Sanwer,Soyabean,Yellow,FAQ,2500,2831,513.4,815,0,3050,2831
15-Apr-17,Sanwer,Soyabean,Yellow,FAQ,2761,2850,513.4,815,0,3050,2831
17-Apr-17,Sanwer,Soyabean,Yellow,FAQ,2500,2867,513.4,815,0,3050,2841
18-Apr-17,Sanwer,Soyabean,Yellow,FAQ,2672,2868,513.4,815,0,3050,2859
21-Apr-17,Sanwer,Soyabean,Yellow,FAQ,2750,2866,513.4,815,0,3050,2821
22-Apr-17,Sanwer,Soyabean,Yellow,FAQ,2800,2800,513.4,815,0,3050,2800
27-Apr-17,Sanwer,Soyabean,Yellow,FAQ,2500,2857,513.4,815,0,3050,2857
28-Apr-17,Sanwer,Soyabean,Yellow,FAQ,2825,2861,513.4,815,0,3050,2861
01-May-17,Sanwer,Soyabean,Yellow,FAQ,2775,2775,170.8,815,1.7,3050,2775
04-May-17,Sanwer,Soyabean,Yellow,FAQ,2843,2875,170.8,815,1.7,3050,2875
05-May-17,Sanwer,Soyabean,Yellow,FAQ,2200,2849,170.8,815,1.7,3050,2800
06-May-17,Sanwer,Soyabean,Yellow,FAQ,2881,2881,170.8,815,1.7,3050,2881
09-May-17,Sanwer,Soyabean,Yellow,FAQ,2750,2900,170.8,815,1.7,3050,2801
12-May-17,Sanwer,Soyabean,Yellow,FAQ,2815,2860,170.8,815,1.7,3050,2825
13-May-17,Sanwer,Soyabean,Yellow,FAQ,2751,2851,170.8,815,1.7,3050,2841
15-May-17,Sanwer,Soyabean,Yellow,FAQ,2700,2815,170.8,815,1.7,3050,2731
16-May-17,Sanwer,Soyabean,Yellow,FAQ,2750,2823,170.8,815,1.7,3050,2771
17-May-17,Sanwer,Soyabean,Yellow,FAQ,2251,2830,170.8,815,1.7,3050,2785
18-May-17,Sanwer,Soyabean,Yellow,FAQ,2750,2839,170.8,815,1.7,3050,2801
19-May-17,Sanwer,Soyabean,Yellow,FAQ,2600,2841,170.8,815,1.7,3050,2800
20-May-17,Sanwer,Soyabean,Yellow,FAQ,2700,2815,170.8,815,1.7,3050,2800
22-May-17,Sanwer,Soyabean,Yellow,FAQ,2700,2780,170.8,815,1.7,3050,2759
23-May-17,Sanwer,Soyabean,Yellow,FAQ,2625,2780,170.8,815,1.7,3050,2741
24-May-17,Sanwer,Soyabean,Yellow,FAQ,2599,2773,170.8,815,1.7,3050,2675
26-May-17,Sanwer,Soyabean,Yellow,FAQ,2301,2727,170.8,815,1.7,3050,2727
27-May-17,Sanwer,Soyabean,Yellow,FAQ,2692,2732,170.8,815,1.7,3050,2711
30-May-17,Sanwer,Soyabean,Yellow,FAQ,2551,2710,170.8,815,1.7,3050,2710
25-Sep-17,Sanwer,Soyabean,Yellow,FAQ,1411,3091,1447.1,815,140.9,3050,3091
26-Sep-17,Sanwer,Soyabean,Yellow,FAQ,1300,3120,1447.1,815,140.9,3050,2800
27-Sep-17,Sanwer,Soyabean,Yellow,FAQ,1550,2900,1447.1,815,140.9,3050,2700
28-Sep-17,Sanwer,Soyabean,Yellow,FAQ,1000,3000,1447.1,815,140.9,3050,2750
29-Sep-17,Sanwer,Soyabean,Yellow,FAQ,1500,3111,1447.1,815,140.9,3050,2650
03-Oct-17,Sanwer,Soyabean,Yellow,FAQ,1600,2880,5436.8,815,0.9,3050,2706
04-Oct-17,Sanwer,Soyabean,Yellow,FAQ,1500,2911,5436.8,815,0.9,3050,2600
06-Oct-17,Sanwer,Soyabean,Yellow,FAQ,1500,2875,5436.8,815,0.9,3050,2650
07-Oct-17,Sanwer,Soyabean,Yellow,FAQ,1700,3000,5436.8,815,0.9,3050,2800
09-Oct-17,Sanwer,Soyabean,Yellow,FAQ,1500,3007,5436.8,815,0.9,3050,2700
10-Oct-17,Sanwer,Soyabean,Yellow,FAQ,1500,3100,5436.8,815,0.9,3050,2805
11-Oct-17,Sanwer,Soyabean,Yellow,FAQ,1500,2900,5436.8,815,0.9,3050,2750
12-Oct-17,Sanwer,Soyabean,Yellow,FAQ,1500,2905,5436.8,815,0.9,3050,2600
13-Oct-17,Sanwer,Soyabean,Yellow,FAQ,1500,2911,5436.8,815,0.9,3050,2800
14-Oct-17,Sanwer,Soyabean,Yellow,FAQ,1751,2850,5436.8,815,0.9,3050,2711
16-Oct-17,Sanwer,Soyabean,Yellow,FAQ,1500,2850,5436.8,815,0.9,3050,2711
23-Oct-17,Sanwer,Soyabean,Yellow,FAQ,1500,2771,5436.8,815,0.9,3050,2651
24-Oct-17,Sanwer,Soyabean,Yellow,FAQ,1500,2733,5436.8,815,0.9,3050,2651
25-Oct-17,Sanwer,Soyabean,Yellow,FAQ,1500,2761,5436.8,815,0.9,3050,2641
26-Oct-17,Sanwer,Soyabean,Yellow,FAQ,1400,2736,5436.8,815,0.9,3050,2638
27-Oct-17,Sanwer,Soyabean,Yellow,FAQ,1500,2726,5436.8,815,0.9,3050,2610
28-Oct-17,Sanwer,Soyabean,Yellow,FAQ,1500,2700,5436.8,815,0.9,3050,2605
30-Oct-17,Sanwer,Soyabean,Yellow,FAQ,1600,2684,8867.9,815,0.9,3050,2551
01-Nov-17,Sanwer,Soyabean,Yellow,FAQ,1701,2699,8867.9,815,0,3050,2572
02-Nov-17,Sanwer,Soyabean,Yellow,FAQ,1000,2769,8867.9,815,0,3050,2645
03-Nov-17,Sanwer,Soyabean,Yellow,FAQ,1899,2778,8867.9,815,0,3050,2651
06-Nov-17,Sanwer,Soyabean,Yellow,FAQ,1400,2775,8867.9,815,0,3050,2660
07-Nov-17,Sanwer,Soyabean,Yellow,FAQ,1000,2721,8867.9,815,0,3050,2615
08-Nov-17,Sanwer,Soyabean,Yellow,FAQ,1800,2720,8867.9,815,0,3050,2627
10-Nov-17,Sanwer,Soyabean,Yellow,FAQ,1500,2711,8867.9,815,0,3050,2655
13-Nov-17,Sanwer,Soyabean,Yellow,FAQ,1000,2701,8867.9,815,0,3050,2653
14-Nov-17,Sanwer,Soyabean,Yellow,FAQ,811,2732,8867.9,815,0,3050,2663
15-Nov-17,Sanwer,Soyabean,Yellow,FAQ,1301,2715,8867.9,815,0,3050,2660
16-Nov-17,Sanwer,Soyabean,Yellow,FAQ,1400,2800,8867.9,815,0,3050,2648
17-Nov-17,Sanwer,Soyabean,Yellow,FAQ,1700,2729,8867.9,815,0,3050,2651
20-Nov-17,Sanwer,Soyabean,Yellow,FAQ,1150,2771,8867.9,815,0,3050,2661
21-Nov-17,Sanwer,Soyabean,Yellow,FAQ,1551,2818,8867.9,815,0,3050,2671
22-Nov-17,Sanwer,Soyabean,Yellow,FAQ,1550,2811,8867.9,815,0,3050,2691
23-Nov-17,Sanwer,Soyabean,Yellow,FAQ,1951,2851,8867.9,815,0,3050,2685
24-Nov-17,Sanwer,Soyabean,Yellow,FAQ,1669,2881,8867.9,815,0,3050,2700
27-Nov-17,Sanwer,Soyabean,Yellow,FAQ,1851,2979,8867.9,815,0,3050,2713
28-Nov-17,Sanwer,Soyabean,Yellow,FAQ,2161,2892,8867.9,815,0,3050,2734
29-Nov-17,Sanwer,Soyabean,Yellow,FAQ,1100,2833,8867.9,815,0,3050,2750
30-Nov-17,Sanwer,Soyabean,Yellow,FAQ,2000,2882,8867.9,815,0,3050,2750
01-Dec-17,Sanwer,Soyabean,Yellow,FAQ,2100,2964,3745,815,0.7,3050,2771
04-Dec-17,Sanwer,Soyabean,Yellow,FAQ,1201,3051,3745,815,0.7,3050,2841
05-Dec-17,Sanwer,Soyabean,Yellow,FAQ,2000,3056,3745,815,0.7,3050,2851
06-Dec-17,Sanwer,Soyabean,Yellow,FAQ,2000,3041,3745,815,0.7,3050,2875
07-Dec-17,Sanwer,Soyabean,Yellow,FAQ,2001,3082,3745,815,0.7,3050,2892
08-Dec-17,Sanwer,Soyabean,Yellow,FAQ,1900,3075,3745,815,0.7,3050,2871
11-Dec-17,Sanwer,Soyabean,Yellow,FAQ,1350,3080,3745,815,0.7,3050,2875
12-Dec-17,Sanwer,Soyabean,Yellow,FAQ,2271,2988,3745,815,0.7,3050,2832
13-Dec-17,Sanwer,Soyabean,Yellow,FAQ,1339,2972,3745,815,0.7,3050,2817
14-Dec-17,Sanwer,Soyabean,Yellow,FAQ,1212,2979,3745,815,0.7,3050,2841
15-Dec-17,Sanwer,Soyabean,Yellow,FAQ,1800,2951,3745,815,0.7,3050,2855
19-Dec-17,Sanwer,Soyabean,Yellow,FAQ,1500,2982,3745,815,0.7,3050,2850
20-Dec-17,Sanwer,Soyabean,Yellow,FAQ,2201,3024,3745,815,0.7,3050,2892
21-Dec-17,Sanwer,Soyabean,Yellow,FAQ,2222,3020,3745,815,0.7,3050,2871
22-Dec-17,Sanwer,Soyabean,Yellow,FAQ,2201,2994,3745,815,0.7,3050,2851
26-Dec-17,Sanwer,Soyabean,Yellow,FAQ,2200,3033,3745,815,0.7,3050,2881
27-Dec-17,Sanwer,Soyabean,Yellow,FAQ,1951,3041,3745,815,0.7,3050,2870
28-Dec-17,Sanwer,Soyabean,Yellow,FAQ,1500,3008,3745,815,0.7,3050,2880
29-Dec-17,Sanwer,Soyabean,Yellow,FAQ,2540,3030,3745,815,0.7,3050,2875
30-Dec-17,Sanwer,Soyabean,Yellow,FAQ,1601,3026,3745,815,0.7,3050,2800
01-Jan-18,Sanwer,Soyabean,Yellow,FAQ,2601,3062,729.3,1205,0,3399,2900
02-Jan-18,Sanwer,Soyabean,Yellow,FAQ,1951,3455,729.3,1205,0,3399,3090
03-Jan-18,Sanwer,Soyabean,Yellow,FAQ,1700,3262,729.3,1205,0,3399,3000
04-Jan-18,Sanwer,Soyabean,Yellow,FAQ,1901,3200,729.3,1205,0,3399,3080
05-Jan-18,Sanwer,Soyabean,Yellow,FAQ,2351,3251,729.3,1205,0,3399,3119
06-Jan-18,Sanwer,Soyabean,Yellow,FAQ,2600,3239,729.3,1205,0,3399,3114
08-Jan-18,Sanwer,Soyabean,Yellow,FAQ,1801,3239,729.3,1205,0,3399,3151
10-Jan-18,Sanwer,Soyabean,Yellow,FAQ,2902,3396,729.3,1205,0,3399,3251
11-Jan-18,Sanwer,Soyabean,Yellow,FAQ,2400,3294,729.3,1205,0,3399,3100
12-Jan-18,Sanwer,Soyabean,Yellow,FAQ,1500,3260,729.3,1205,0,3399,3110
17-Jan-18,Sanwer,Soyabean,Yellow,FAQ,2651,3307,729.3,1205,0,3399,3200
19-Jan-18,Sanwer,Soyabean,Yellow,FAQ,2833,3570,729.3,1205,0,3399,3301
20-Jan-18,Sanwer,Soyabean,Yellow,FAQ,2722,3374,729.3,1205,0,3399,3251
22-Jan-18,Sanwer,Soyabean,Yellow,FAQ,2000,3601,729.3,1205,0,3399,3300
23-Jan-18,Sanwer,Soyabean,Yellow,FAQ,3001,3493,729.3,1205,0,3399,3281
24-Jan-18,Sanwer,Soyabean,Yellow,FAQ,2401,3511,729.3,1205,0,3399,3340
29-Jan-18,Sanwer,Soyabean,Yellow,FAQ,3202,3803,729.3,1205,0,3399,3633
30-Jan-18,Sanwer,Soyabean,Yellow,FAQ,1721,3672,729.3,1205,0,3399,3521
01-Feb-18,Sanwer,Soyabean,Yellow,FAQ,2809,3725,617,1205,0,3399,3611
02-Feb-18,Sanwer,Soyabean,Yellow,FAQ,3001,3660,617,1205,0,3399,3550
05-Feb-18,Sanwer,Soyabean,Yellow,FAQ,2851,3516,617,1205,0,3399,3422
06-Feb-18,Sanwer,Soyabean,Yellow,FAQ,2827,3460,617,1205,0,3399,3342
07-Feb-18,Sanwer,Soyabean,Yellow,FAQ,3291,3632,617,1205,0,3399,3438
08-Feb-18,Sanwer,Soyabean,Yellow,FAQ,2200,3678,617,1205,0,3399,3519
09-Feb-18,Sanwer,Soyabean,Yellow,FAQ,1571,1680,617,1205,0,3399,1571
12-Feb-18,Sanwer,Soyabean,Yellow,FAQ,3500,3801,617,1205,0,3399,3732
13-Feb-18,Sanwer,Soyabean,Yellow,FAQ,3665,3781,617,1205,0,3399,3781
20-Feb-18,Sanwer,Soyabean,Yellow,FAQ,3311,4000,617,1205,0,3399,3700
22-Feb-18,Sanwer,Soyabean,Yellow,FAQ,2441,3801,617,1205,0,3399,3664
23-Feb-18,Sanwer,Soyabean,Yellow,FAQ,2850,3721,617,1205,0,3399,3643
26-Feb-18,Sanwer,Soyabean,Yellow,FAQ,2600,3667,617,1205,0,3399,3511
27-Feb-18,Sanwer,Soyabean,Yellow,FAQ,2400,3701,617,1205,0,3399,3600
28-Feb-18,Sanwer,Soyabean,Yellow,FAQ,2551,3731,617,1205,0,3399,3608
01-Mar-18,Sanwer,Soyabean,Yellow,FAQ,3532,3712,617,1205,0,3399,3632
03-Mar-18,Sanwer,Soyabean,Yellow,FAQ,2900,3793,617,1205,0,3399,3643
05-Mar-18,Sanwer,Soyabean,Yellow,FAQ,3000,3787,617,1205,0,3399,3605
07-Mar-18,Sanwer,Soyabean,Yellow,FAQ,2500,3730,617,1205,0,3399,3604
08-Mar-18,Sanwer,Soyabean,Yellow,FAQ,3251,3671,617,1205,0,3399,3548
09-Mar-18,Sanwer,Soyabean,Yellow,FAQ,3400,3701,617,1205,0,3399,3600
12-Mar-18,Sanwer,Soyabean,Yellow,FAQ,3100,3524,617,1205,0,3399,3402
13-Mar-18,Sanwer,Soyabean,Yellow,FAQ,2900,3621,617,1205,0,3399,3521
14-Mar-18,Sanwer,Soyabean,Yellow,FAQ,3200,3722,617,1205,0,3399,3628
15-Mar-18,Sanwer,Soyabean,Yellow,FAQ,3301,3735,617,1205,0,3399,3642
16-Mar-18,Sanwer,Soyabean,Yellow,FAQ,3535,3716,617,1205,0,3399,3600
20-Mar-18,Sanwer,Soyabean,Yellow,FAQ,3000,3663,617,1205,0,3399,3511
21-Mar-18,Sanwer,Soyabean,Yellow,FAQ,3341,3599,617,1205,0,3399,3470
22-Mar-18,Sanwer,Soyabean,Yellow,FAQ,3401,3634,617,1205,0,3399,3543
23-Mar-18,Sanwer,Soyabean,Yellow,FAQ,2851,3597,617,1205,0,3399,3453
26-Mar-18,Sanwer,Soyabean,Yellow,FAQ,3199,3761,617,1205,0,3399,3625
27-Mar-18,Sanwer,Soyabean,Yellow,FAQ,3400,3637,617,1205,0,3399,3561
28-Mar-18,Sanwer,Soyabean,Yellow,FAQ,3572,3655,617,1205,0,3399,3591
31-Mar-18,Sanwer,Soyabean,Yellow,FAQ,3495,3495,617,1205,0,3399,3495
02-Apr-18,Sanwer,Soyabean,Yellow,FAQ,3411,3800,226.2,1205,3.4,3399,3700
03-Apr-18,Sanwer,Soyabean,Yellow,FAQ,3682,3811,226.2,1205,3.4,3399,3792
04-Apr-18,Sanwer,Soyabean,Yellow,FAQ,3000,3771,226.2,1205,3.4,3399,3622
05-Apr-18,Sanwer,Soyabean,Yellow,FAQ,3500,3645,226.2,1205,3.4,3399,3530
06-Apr-18,Sanwer,Soyabean,Yellow,FAQ,3500,3654,226.2,1205,3.4,3399,3531
07-Apr-18,Sanwer,Soyabean,Yellow,FAQ,3540,3680,226.2,1205,3.4,3399,3600
09-Apr-18,Sanwer,Soyabean,Yellow,FAQ,3677,3750,226.2,1205,3.4,3399,3700
10-Apr-18,Sanwer,Soyabean,Yellow,FAQ,3600,3708,226.2,1205,3.4,3399,3640
11-Apr-18,Sanwer,Soyabean,Yellow,FAQ,3301,3731,226.2,1205,3.4,3399,3650
12-Apr-18,Sanwer,Soyabean,Yellow,FAQ,3101,3767,226.2,1205,3.4,3399,3643
13-Apr-18,Sanwer,Soyabean,Yellow,FAQ,3475,3750,226.2,1205,3.4,3399,3675
17-Apr-18,Sanwer,Soyabean,Yellow,FAQ,3301,3573,226.2,1205,3.4,3399,3500
20-Apr-18,Sanwer,Soyabean,Yellow,FAQ,3629,3733,226.2,1205,3.4,3399,3629
21-Apr-18,Sanwer,Soyabean,Yellow,FAQ,3573,3573,226.2,1205,3.4,3399,3573
23-Apr-18,Sanwer,Soyabean,Yellow,FAQ,3623,3661,226.2,1205,3.4,3399,3649
24-Apr-18,Sanwer,Soyabean,Yellow,FAQ,3486,3611,226.2,1205,3.4,3399,3535
25-Apr-18,Sanwer,Soyabean,Yellow,FAQ,3600,3650,226.2,1205,3.4,3399,3601
26-Apr-18,Sanwer,Soyabean,Yellow,FAQ,2700,3550,226.2,1205,3.4,3399,3400
27-Apr-18,Sanwer,Soyabean,Yellow,FAQ,3451,3451,226.2,1205,3.4,3399,3451
01-May-18,Sanwer,Soyabean,Yellow,FAQ,3200,3600,502.1,1205,0.6,3399,3500
02-May-18,Sanwer,Soyabean,Yellow,FAQ,3501,3561,502.1,1205,0.6,3399,3526
03-May-18,Sanwer,Soyabean,Yellow,FAQ,3281,3571,502.1,1205,0.6,3399,3549
04-May-18,Sanwer,Soyabean,Yellow,FAQ,3490,3571,502.1,1205,0.6,3399,3490
05-May-18,Sanwer,Soyabean,Yellow,FAQ,3472,3500,502.1,1205,0.6,3399,3472
06-May-18,Sanwer,Soyabean,Yellow,FAQ,3372,3625,502.1,1205,0.6,3399,3390
07-May-18,Sanwer,Soyabean,Yellow,FAQ,3372,3625,502.1,1205,0.6,3399,3390
08-May-18,Sanwer,Soyabean,Yellow,FAQ,3392,3591,502.1,1205,0.6,3399,3469
09-May-18,Sanwer,Soyabean,Yellow,FAQ,3200,3589,502.1,1205,0.6,3399,3475
10-May-18,Sanwer,Soyabean,Yellow,FAQ,3525,3600,502.1,1205,0.6,3399,3587
11-May-18,Sanwer,Soyabean,Yellow,FAQ,3292,3650,502.1,1205,0.6,3399,3538
14-May-18,Sanwer,Soyabean,Yellow,FAQ,3325,3550,502.1,1205,0.6,3399,3463
16-May-18,Sanwer,Soyabean,Yellow,FAQ,3339,3638,502.1,1205,0.6,3399,3550
17-May-18,Sanwer,Soyabean,Yellow,FAQ,3340,3550,502.1,1205,0.6,3399,3490
18-May-18,Sanwer,Soyabean,Yellow,FAQ,3451,3590,502.1,1205,0.6,3399,3541
19-May-18,Sanwer,Soyabean,Yellow,FAQ,3350,3640,502.1,1205,0.6,3399,3520
22-May-18,Sanwer,Soyabean,Yellow,FAQ,3490,4371,502.1,1205,0.6,3399,3826
23-May-18,Sanwer,Soyabean,Yellow,FAQ,3500,3645,502.1,1205,0.6,3399,3535
24-May-18,Sanwer,Soyabean,Yellow,FAQ,3400,3672,502.1,1205,0.6,3399,3545
25-May-18,Sanwer,Soyabean,Yellow,FAQ,3540,3641,502.1,1205,0.6,3399,3582
26-May-18,Sanwer,Soyabean,Yellow,FAQ,3550,3701,502.1,1205,0.6,3399,3599
28-May-18,Sanwer,Soyabean,Yellow,FAQ,3200,3576,502.1,1205,0.6,3399,3500
29-May-18,Sanwer,Soyabean,Yellow,FAQ,3200,3541,502.1,1205,0.6,3399,3400
30-May-18,Sanwer,Soyabean,Yellow,FAQ,3394,3575,502.1,1205,0.6,3399,3476
31-May-18,Sanwer,Soyabean,Yellow,FAQ,3001,3001,502.1,1205,0.6,3399,3001
05-Jun-18,Sanwer,Soyabean,Yellow,FAQ,3437,3437,347.6,1205,176.6,3399,3437
06-Jun-18,Sanwer,Soyabean,Yellow,FAQ,3241,3487,347.6,1205,176.6,3399,3487
07-Jun-18,Sanwer,Soyabean,Yellow,FAQ,3389,3450,347.6,1205,176.6,3399,3400
08-Jun-18,Sanwer,Soyabean,Yellow,FAQ,3371,3446,347.6,1205,176.6,3399,3398
11-Jun-18,Sanwer,Soyabean,Yellow,FAQ,3145,3411,347.6,1205,176.6,3399,3382
12-Jun-18,Sanwer,Soyabean,Yellow,FAQ,3275,3442,347.6,1205,176.6,3399,3381
14-Jun-18,Sanwer,Soyabean,Yellow,FAQ,2700,3422,347.6,1205,176.6,3399,3340
15-Jun-18,Sanwer,Soyabean,Yellow,FAQ,3289,3451,347.6,1205,176.6,3399,3361
18-Jun-18,Sanwer,Soyabean,Yellow,FAQ,3289,3451,347.6,1205,176.6,3399,3361
19-Jun-18,Sanwer,Soyabean,Yellow,FAQ,2901,3448,347.6,1205,176.6,3399,3380
20-Jun-18,Sanwer,Soyabean,Yellow,FAQ,3200,3441,347.6,1205,176.6,3399,3376
25-Jun-18,Sanwer,Soyabean,Yellow,FAQ,3300,3444,347.6,1205,176.6,3399,3392
26-Jun-18,Sanwer,Soyabean,Yellow,FAQ,3151,3352,347.6,1205,176.6,3399,3311
27-Jun-18,Sanwer,Soyabean,Yellow,FAQ,2985,3580,347.6,1205,176.6,3399,3413
02-Jul-18,Sanwer,Soyabean,Yellow,FAQ,3200,3536,820.2,1205,257.6,3399,3439
03-Jul-18,Sanwer,Soyabean,Yellow,FAQ,3000,3611,820.2,1205,257.6,3399,3516
04-Jul-18,Sanwer,Soyabean,Yellow,FAQ,2500,3708,820.2,1205,257.6,3399,3518
05-Jul-18,Sanwer,Soyabean,Yellow,FAQ,2500,3496,820.2,1205,257.6,3399,3431
06-Jul-18,Sanwer,Soyabean,Yellow,FAQ,2200,3438,820.2,1205,257.6,3399,3330
07-Jul-18,Sanwer,Soyabean,Yellow,FAQ,2500,3460,820.2,1205,257.6,3399,3321
09-Jul-18,Sanwer,Soyabean,Yellow,FAQ,2900,3611,820.2,1205,257.6,3399,3453
10-Jul-18,Sanwer,Soyabean,Yellow,FAQ,3151,3462,820.2,1205,257.6,3399,3362
11-Jul-18,Sanwer,Soyabean,Yellow,FAQ,2600,3467,820.2,1205,257.6,3399,3350
12-Jul-18,Sanwer,Soyabean,Yellow,FAQ,3321,3500,820.2,1205,257.6,3399,3400
16-Jul-18,Sanwer,Soyabean,Yellow,FAQ,3201,3500,820.2,1205,257.6,3399,3400
17-Jul-18,Sanwer,Soyabean,Yellow,FAQ,2500,3450,820.2,1205,257.6,3399,3361
18-Jul-18,Sanwer,Soyabean,Yellow,FAQ,2500,3418,820.2,1205,257.6,3399,3300
19-Jul-18,Sanwer,Soyabean,Yellow,FAQ,3000,3431,820.2,1205,257.6,3399,3351
20-Jul-18,Sanwer,Soyabean,Yellow,FAQ,3325,3500,820.2,1205,257.6,3399,3400
21-Jul-18,Sanwer,Soyabean,Yellow,FAQ,2800,3451,820.2,1205,257.6,3399,3350
23-Jul-18,Sanwer,Soyabean,Yellow,FAQ,3275,3440,820.2,1205,257.6,3399,3351
24-Jul-18,Sanwer,Soyabean,Yellow,FAQ,3300,3394,820.2,1205,257.6,3399,3311
25-Jul-18,Sanwer,Soyabean,Yellow,FAQ,3200,3375,820.2,1205,257.6,3399,3300
26-Jul-18,Sanwer,Soyabean,Yellow,FAQ,3316,3611,820.2,1205,257.6,3399,3480
27-Jul-18,Sanwer,Soyabean,Yellow,FAQ,3319,3390,820.2,1205,257.6,3399,3342
31-Jul-18,Sanwer,Soyabean,Yellow,FAQ,3300,3500,820.2,1205,257.6,3399,3402
01-Aug-18,Sanwer,Soyabean,Yellow,FAQ,2700,3421,547.2,1205,227.5,3399,3332
02-Aug-18,Sanwer,Soyabean,Yellow,FAQ,3161,3442,547.2,1205,227.5,3399,3335
03-Aug-18,Sanwer,Soyabean,Yellow,FAQ,2700,3440,547.2,1205,227.5,3399,3340
04-Aug-18,Sanwer,Soyabean,Yellow,FAQ,2000,3452,547.2,1205,227.5,3399,3368
06-Aug-18,Sanwer,Soyabean,Yellow,FAQ,2752,3511,547.2,1205,227.5,3399,3408
07-Aug-18,Sanwer,Soyabean,Yellow,FAQ,2000,3419,547.2,1205,227.5,3399,3311
08-Aug-18,Sanwer,Soyabean,Yellow,FAQ,3000,3500,547.2,1205,227.5,3399,3371
10-Aug-18,Sanwer,Soyabean,Yellow,FAQ,3200,3361,547.2,1205,227.5,3399,3296
13-Aug-18,Sanwer,Soyabean,Yellow,FAQ,2902,3250,547.2,1205,227.5,3399,3200
14-Aug-18,Sanwer,Soyabean,Yellow,FAQ,3150,3525,547.2,1205,227.5,3399,3450
18-Aug-18,Sanwer,Soyabean,Yellow,FAQ,3221,3300,547.2,1205,227.5,3399,3250
20-Aug-18,Sanwer,Soyabean,Yellow,FAQ,3200,3450,547.2,1205,227.5,3399,3290
23-Aug-18,Sanwer,Soyabean,Yellow,FAQ,3109,3400,547.2,1205,227.5,3399,3351
24-Aug-18,Sanwer,Soyabean,Yellow,FAQ,2852,3350,547.2,1205,227.5,3399,3111
27-Aug-18,Sanwer,Soyabean,Yellow,FAQ,3170,3170,547.2,1205,227.5,3399,3170
28-Aug-18,Sanwer,Soyabean,Yellow,FAQ,3125,3125,547.2,1205,227.5,3399,3125
29-Aug-18,Sanwer,Soyabean,Yellow,FAQ,3050,3220,547.2,1205,227.5,3399,3151
30-Aug-18,Sanwer,Soyabean,Yellow,FAQ,2451,3301,547.2,1205,227.5,3399,3250
31-Aug-18,Sanwer,Soyabean,Yellow,FAQ,3015,3203,547.2,1205,227.5,3399,3072
04-Sep-18,Sanwer,Soyabean,Yellow,FAQ,3200,3375,547.2,1205,142.7,3399,3200
05-Sep-18,Sanwer,Soyabean,Yellow,FAQ,3150,3250,547.2,1205,142.7,3399,3150
07-Sep-18,Sanwer,Soyabean,Yellow,FAQ,3261,3470,547.2,1205,142.7,3399,3285
11-Sep-18,Sanwer,Soyabean,Yellow,FAQ,2500,3440,547.2,1205,142.7,3399,3300
12-Sep-18,Sanwer,Soyabean,Yellow,FAQ,3100,3400,547.2,1205,142.7,3399,3300
13-Sep-18,Sanwer,Soyabean,Yellow,FAQ,3100,3257,547.2,1205,142.7,3399,3225
14-Sep-18,Sanwer,Soyabean,Yellow,FAQ,2391,3400,547.2,1205,142.7,3399,3251
15-Sep-18,Sanwer,Soyabean,Yellow,FAQ,3000,3300,547.2,1205,142.7,3399,3100
18-Sep-18,Sanwer,Soyabean,Yellow,FAQ,2731,3400,547.2,1205,142.7,3399,3150
19-Sep-18,Sanwer,Soyabean,Yellow,FAQ,2951,3328,547.2,1205,142.7,3399,3031
20-Sep-18,Sanwer,Soyabean,Yellow,FAQ,2732,3209,547.2,1205,142.7,3399,3100
25-Sep-18,Sanwer,Soyabean,Yellow,FAQ,2251,3300,547.2,1205,142.7,3399,3201
26-Sep-18,Sanwer,Soyabean,Yellow,FAQ,2626,3241,547.2,1205,142.7,3399,3131
27-Sep-18,Sanwer,Soyabean,Yellow,FAQ,2600,3200,547.2,1205,142.7,3399,3100
28-Sep-18,Sanwer,Soyabean,Yellow,FAQ,2100,3261,547.2,1205,142.7,3399,3075
29-Sep-18,Sanwer,Soyabean,Yellow,FAQ,2051,3200,7727.6,1205,142.7,3399,3050
01-Oct-18,Sanwer,Soyabean,Yellow,FAQ,2211,3177,7727.6,1205,3.4,3399,3010
03-Oct-18,Sanwer,Soyabean,Yellow,FAQ,2500,3200,7727.6,1205,3.4,3399,2975
04-Oct-18,Sanwer,Soyabean,Yellow,FAQ,2521,3500,7727.6,1205,3.4,3399,3056
05-Oct-18,Sanwer,Soyabean,Yellow,FAQ,2050,3080,7727.6,1205,3.4,3399,2950
06-Oct-18,Sanwer,Soyabean,Yellow,FAQ,2500,3101,7727.6,1205,3.4,3399,2950
08-Oct-18,Sanwer,Soyabean,Yellow,FAQ,2501,3097,7727.6,1205,3.4,3399,2950
10-Oct-18,Sanwer,Soyabean,Yellow,FAQ,1900,3117,7727.6,1205,3.4,3399,3000
11-Oct-18,Sanwer,Soyabean,Yellow,FAQ,2000,3140,7727.6,1205,3.4,3399,3012
12-Oct-18,Sanwer,Soyabean,Yellow,FAQ,2050,3201,7727.6,1205,3.4,3399,3135
15-Oct-18,Sanwer,Soyabean,Yellow,FAQ,2550,3250,7727.6,1205,3.4,3399,3000
16-Oct-18,Sanwer,Soyabean,Yellow,FAQ,2500,3300,7727.6,1205,3.4,3399,3050
17-Oct-18,Sanwer,Soyabean,Yellow,FAQ,2100,3218,7727.6,1205,3.4,3399,3110
22-Oct-18,Sanwer,Soyabean,Yellow,FAQ,2800,3200,7727.6,1205,3.4,3399,3050
23-Oct-18,Sanwer,Soyabean,Yellow,FAQ,2780,3142,7727.6,1205,3.4,3399,3016
25-Oct-18,Sanwer,Soyabean,Yellow,FAQ,2500,3151,7727.6,1205,3.4,3399,3050
26-Oct-18,Sanwer,Soyabean,Yellow,FAQ,2800,3200,7727.6,1205,3.4,3399,3000
29-Oct-18,Sanwer,Soyabean,Yellow,FAQ,2500,3200,7727.6,1205,3.4,3399,3050
30-Oct-18,Sanwer,Soyabean,Yellow,FAQ,2700,3201,7727.6,1205,3.4,3399,3050
31-Oct-18,Sanwer,Soyabean,Yellow,FAQ,2500,3150,7727.6,1205,3.4,3399,3050
01-Nov-18,Sanwer,Soyabean,Yellow,FAQ,2500,3142,10554.4,1205,0,3399,3025
02-Nov-18,Sanwer,Soyabean,Yellow,FAQ,2700,3195,10554.4,1205,0,3399,3058
03-Nov-18,Sanwer,Soyabean,Yellow,FAQ,2500,3209,10554.4,1205,0,3399,3011
10-Nov-18,Sanwer,Soyabean,Yellow,FAQ,2900,3271,10554.4,1205,0,3399,3181
12-Nov-18,Sanwer,Soyabean,Yellow,FAQ,2501,3280,10554.4,1205,0,3399,3150
13-Nov-18,Sanwer,Soyabean,Yellow,FAQ,2900,3351,10554.4,1205,0,3399,3250
14-Nov-18,Sanwer,Soyabean,Yellow,FAQ,2500,3317,10554.4,1205,0,3399,3200
15-Nov-18,Sanwer,Soyabean,Yellow,FAQ,2601,3322,10554.4,1205,0,3399,3210
16-Nov-18,Sanwer,Soyabean,Yellow,FAQ,2411,3277,10554.4,1205,0,3399,3190
17-Nov-18,Sanwer,Soyabean,Yellow,FAQ,2700,3278,10554.4,1205,0,3399,3125
19-Nov-18,Sanwer,Soyabean,Yellow,FAQ,2900,3311,10554.4,1205,0,3399,3250
20-Nov-18,Sanwer,Soyabean,Yellow,FAQ,2555,3291,8052.9,1205,0,3399,3050
22-Nov-18,Sanwer,Soyabean,Yellow,FAQ,2890,3321,8052.9,1205,0,3399,3175
30-Nov-18,Sanwer,Soyabean,Yellow,FAQ,2900,3422,8052.9,1205,0,3399,3175
01-Dec-18,Sanwer,Soyabean,Yellow,FAQ,2651,3307,8052.9,1205,0,3399,3215
03-Dec-18,Sanwer,Soyabean,Yellow,FAQ,2500,3307,8052.9,1205,0,3399,3211
04-Dec-18,Sanwer,Soyabean,Yellow,FAQ,2750,3307,8052.9,1205,0,3399,3200
05-Dec-18,Sanwer,Soyabean,Yellow,FAQ,2500,3288,8052.9,1205,0,3399,3205
06-Dec-18,Sanwer,Soyabean,Yellow,FAQ,2918,3260,8052.9,1205,0,3399,3180
10-Dec-18,Sanwer,Soyabean,Yellow,FAQ,2491,3293,8052.9,1205,0,3399,3185
11-Dec-18,Sanwer,Soyabean,Yellow,FAQ,2901,3313,8052.9,1205,0,3399,3205
12-Dec-18,Sanwer,Soyabean,Yellow,FAQ,3100,3340,8052.9,1205,0,3399,3250
13-Dec-18,Sanwer,Soyabean,Yellow,FAQ,2740,3330,8052.9,1205,0,3399,3205
14-Dec-18,Sanwer,Soyabean,Yellow,FAQ,2100,2123,8052.9,1205,0,3399,2100
15-Dec-18,Sanwer,Soyabean,Yellow,FAQ,2450,3352,8052.9,1205,0,3399,3275
17-Dec-18,Sanwer,Soyabean,Yellow,FAQ,2900,3410,8052.9,1205,0,3399,3300
18-Dec-18,Sanwer,Soyabean,Yellow,FAQ,2875,3326,8052.9,1205,0,3399,3221
19-Dec-18,Sanwer,Soyabean,Yellow,FAQ,2700,3321,8052.9,1205,0,3399,3221
20-Dec-18,Sanwer,Soyabean,Yellow,FAQ,2751,3392,8052.9,1205,0,3399,3250
21-Dec-18,Sanwer,Soyabean,Yellow,FAQ,2701,3381,8052.9,1205,0,3399,3220
24-Dec-18,Sanwer,Soyabean,Yellow,FAQ,2650,3338,8052.9,1205,0,3399,3250
26-Dec-18,Sanwer,Soyabean,Yellow,FAQ,2726,3304,8052.9,1205,0,3399,3200
27-Dec-18,Sanwer,Soyabean,Yellow,FAQ,2963,3302,8052.9,1205,0,3399,3150
28-Dec-18,Sanwer,Soyabean,Yellow,FAQ,2555,3309,8052.9,1205,0,3399,3222
29-Dec-18,Sanwer,Soyabean,Yellow,FAQ,2300,3384,8052.9,1205,0,3399,3184
31-Dec-18,Sanwer,Soyabean,Yellow,FAQ,2850,3347,8052.9,1205,0,3399,3200
01-Jan-19,Sanwer,Soyabean,Yellow,FAQ,2950,3372,7965.4,905,0.2,3710,3230
02-Jan-19,Sanwer,Soyabean,Yellow,FAQ,2700,3418,7965.4,905,0.2,3710,3218
03-Jan-19,Sanwer,Soyabean,Yellow,FAQ,2900,3496,7965.4,905,0.2,3710,3280
04-Jan-19,Sanwer,Soyabean,Yellow,FAQ,2800,3425,7965.4,905,0.2,3710,3260
07-Jan-19,Sanwer,Soyabean,Yellow,FAQ,2432,3412,7965.4,905,0.2,3710,3285
08-Jan-19,Sanwer,Soyabean,Yellow,FAQ,2875,3480,7965.4,905,0.2,3710,3350
09-Jan-19,Sanwer,Soyabean,Yellow,FAQ,2601,3544,7965.4,905,0.2,3710,3450
10-Jan-19,Sanwer,Soyabean,Yellow,FAQ,2900,3485,7965.4,905,0.2,3710,3350
11-Jan-19,Sanwer,Soyabean,Yellow,FAQ,2751,3440,7965.4,905,0.2,3710,3351
15-Jan-19,Sanwer,Soyabean,Yellow,FAQ,2995,3600,7965.4,905,0.2,3710,3495
16-Jan-19,Sanwer,Soyabean,Yellow,FAQ,2601,3570,7965.4,905,0.2,3710,3429
17-Jan-19,Sanwer,Soyabean,Yellow,FAQ,2910,3641,7965.4,905,0.2,3710,3489
18-Jan-19,Sanwer,Soyabean,Yellow,FAQ,2860,3630,7965.4,905,0.2,3710,3520
19-Jan-19,Sanwer,Soyabean,Yellow,FAQ,2918,3711,7965.4,905,0.2,3710,3550
21-Jan-19,Sanwer,Soyabean,Yellow,FAQ,3725,3823,7965.4,905,0.2,3710,3751
22-Jan-19,Sanwer,Soyabean,Yellow,FAQ,3379,3751,7965.4,905,0.2,3710,3660
23-Jan-19,Sanwer,Soyabean,Yellow,FAQ,2501,3875,7965.4,905,0.2,3710,3775
24-Jan-19,Sanwer,Soyabean,Yellow,FAQ,3100,3900,7965.4,905,0.2,3710,3800
25-Jan-19,Sanwer,Soyabean,Yellow,FAQ,3461,3923,7965.4,905,0.2,3710,3823
28-Jan-19,Sanwer,Soyabean,Yellow,FAQ,3601,3951,7965.4,905,0.2,3710,3801
29-Jan-19,Sanwer,Soyabean,Yellow,FAQ,2801,3955,7965.4,905,0.2,3710,3815
30-Jan-19,Sanwer,Soyabean,Yellow,FAQ,2601,3862,7965.4,905,0.2,3710,3700
31-Jan-19,Sanwer,Soyabean,Yellow,FAQ,3351,3901,7965.4,905,0.2,3710,3800
01-Feb-19,Sanwer,Soyabean,Yellow,FAQ,3200,3871,1374.2,905,0.1,3710,3700
02-Feb-19,Sanwer,Soyabean,Yellow,FAQ,3590,3836,1374.2,905,0.1,3710,3701
05-Feb-19,Sanwer,Soyabean,Yellow,FAQ,2701,3900,1374.2,905,0.1,3710,3805
11-Feb-19,Sanwer,Soyabean,Yellow,FAQ,3350,3814,1374.2,905,0.1,3710,3741
12-Feb-19,Sanwer,Soyabean,Yellow,FAQ,3200,3841,1374.2,905,0.1,3710,3743
13-Feb-19,Sanwer,Soyabean,Yellow,FAQ,2351,3846,1374.2,905,0.1,3710,3600
14-Feb-19,Sanwer,Soyabean,Yellow,FAQ,3367,3833,1374.2,905,0.1,3710,3720
15-Feb-19,Sanwer,Soyabean,Yellow,FAQ,2992,3837,1374.2,905,0.1,3710,3743
16-Feb-19,Sanwer,Soyabean,Yellow,FAQ,3695,3830,1374.2,905,0.1,3710,3737
20-Feb-19,Sanwer,Soyabean,Yellow,FAQ,2910,3801,1374.2,905,0.1,3710,3718
21-Feb-19,Sanwer,Soyabean,Yellow,FAQ,2300,3813,1374.2,905,0.1,3710,3551
22-Feb-19,Sanwer,Soyabean,Yellow,FAQ,3500,3792,1374.2,905,0.1,3710,3600
26-Feb-19,Sanwer,Soyabean,Yellow,FAQ,3412,3755,1374.2,905,0.1,3710,3600
27-Feb-19,Sanwer,Soyabean,Yellow,FAQ,2200,3621,1374.2,905,0.1,3710,3501
28-Feb-19,Sanwer,Soyabean,Yellow,FAQ,3400,3625,1374.2,905,0.1,3710,3531
01-Mar-19,Sanwer,Soyabean,Yellow,FAQ,2001,3630,1091.7,905,0,3710,3519
02-Mar-19,Sanwer,Soyabean,Yellow,FAQ,3400,3656,1091.7,905,0,3710,3500
05-Mar-19,Sanwer,Soyabean,Yellow,FAQ,3509,3800,1091.7,905,0,3710,3700
07-Mar-19,Sanwer,Soyabean,Yellow,FAQ,3311,3750,1091.7,905,0,3710,3600
08-Mar-19,Sanwer,Soyabean,Yellow,FAQ,2451,3712,1091.7,905,0,3710,3550
11-Mar-19,Sanwer,Soyabean,Yellow,FAQ,3250,3748,1091.7,905,0,3710,3600
12-Mar-19,Sanwer,Soyabean,Yellow,FAQ,3202,3709,1091.7,905,0,3710,3580
13-Mar-19,Sanwer,Soyabean,Yellow,FAQ,3500,3732,1091.7,905,0,3710,3600
14-Mar-19,Sanwer,Soyabean,Yellow,FAQ,2501,3737,1091.7,905,0,3710,3600
15-Mar-19,Sanwer,Soyabean,Yellow,FAQ,3391,3649,1091.7,905,0,3710,3500
16-Mar-19,Sanwer,Soyabean,Yellow,FAQ,3010,3650,1091.7,905,0,3710,3581
18-Mar-19,Sanwer,Soyabean,Yellow,FAQ,3391,3700,1091.7,905,0,3710,3550
19-Mar-19,Sanwer,Soyabean,Yellow,FAQ,2301,3661,1091.7,905,0,3710,3521
20-Mar-19,Sanwer,Soyabean,Yellow,FAQ,3400,3638,1091.7,905,0,3710,3581
22-Mar-19,Sanwer,Soyabean,Yellow,FAQ,3700,3744,1091.7,905,0,3710,3729
26-Mar-19,Sanwer,Soyabean,Yellow,FAQ,3000,3743,1091.7,905,0,3710,3600
27-Mar-19,Sanwer,Soyabean,Yellow,FAQ,3500,3700,1091.7,905,0,3710,3650
28-Mar-19,Sanwer,Soyabean,Yellow,FAQ,3450,3650,1091.7,905,0,3710,3550
29-Mar-19,Sanwer,Soyabean,Yellow,FAQ,3411,3750,1091.7,905,0,3710,3550
30-Mar-19,Sanwer,Soyabean,Yellow,FAQ,3292,3650,1091.7,905,0,3710,3500
02-Apr-19,Sanwer,Soyabean,Yellow,FAQ,3450,3750,395.6,905,0.1,3710,3700
03-Apr-19,Sanwer,Soyabean,Yellow,FAQ,3450,3812,395.6,905,0.1,3710,3800
04-Apr-19,Sanwer,Soyabean,Yellow,FAQ,3670,3818,395.6,905,0.1,3710,3730
08-Apr-19,Sanwer,Soyabean,Yellow,FAQ,3650,3820,395.6,905,0.1,3710,3750
09-Apr-19,Sanwer,Soyabean,Yellow,FAQ,3600,3851,395.6,905,0.1,3710,3800
10-Apr-19,Sanwer,Soyabean,Yellow,FAQ,3575,3799,395.6,905,0.1,3710,3700
11-Apr-19,Sanwer,Soyabean,Yellow,FAQ,3551,3700,395.6,905,0.1,3710,3680
15-Apr-19,Sanwer,Soyabean,Yellow,FAQ,3600,3700,395.6,905,0.1,3710,3650
16-Apr-19,Sanwer,Soyabean,Yellow,FAQ,3631,3696,395.6,905,0.1,3710,3671
22-Apr-19,Sanwer,Soyabean,Yellow,FAQ,3650,3750,395.6,905,0.1,3710,3675
23-Apr-19,Sanwer,Soyabean,Yellow,FAQ,3581,3685,395.6,905,0.1,3710,3677
24-Apr-19,Sanwer,Soyabean,Yellow,FAQ,3550,3698,395.6,905,0.1,3710,3680
25-Apr-19,Sanwer,Soyabean,Yellow,FAQ,3551,3713,395.6,905,0.1,3710,3700
26-Apr-19,Sanwer,Soyabean,Yellow,FAQ,3452,3723,395.6,905,0.1,3710,3690
29-Apr-19,Sanwer,Soyabean,Yellow,FAQ,3531,3703,395.6,905,0.1,3710,3650
02-May-19,Sanwer,Soyabean,Yellow,FAQ,3531,3600,319.2,905,0.4,3710,3580
03-May-19,Sanwer,Soyabean,Yellow,FAQ,3351,3650,319.2,905,0.4,3710,3550
06-May-19,Sanwer,Soyabean,Yellow,FAQ,3380,3380,319.2,905,0.4,3710,3380
08-May-19,Sanwer,Soyabean,Yellow,FAQ,3531,3621,319.2,905,0.4,3710,3551
09-May-19,Sanwer,Soyabean,Yellow,FAQ,3639,3650,319.2,905,0.4,3710,3646
10-May-19,Sanwer,Soyabean,Yellow,FAQ,3411,3650,319.2,905,0.4,3710,3643
13-May-19,Sanwer,Soyabean,Yellow,FAQ,3625,3625,319.2,905,0.4,3710,3625
14-May-19,Sanwer,Soyabean,Yellow,FAQ,3500,3651,319.2,905,0.4,3710,3625
15-May-19,Sanwer,Soyabean,Yellow,FAQ,3610,3656,319.2,905,0.4,3710,3625
16-May-19,Sanwer,Soyabean,Yellow,FAQ,3595,3640,319.2,905,0.4,3710,3595
18-May-19,Sanwer,Soyabean,Yellow,FAQ,3640,3700,319.2,905,0.4,3710,3660
21-May-19,Sanwer,Soyabean,Yellow,FAQ,3617,3690,319.2,905,0.4,3710,3643
22-May-19,Sanwer,Soyabean,Yellow,FAQ,3650,3672,319.2,905,0.4,3710,3650
24-May-19,Sanwer,Soyabean,Yellow,FAQ,3575,3677,319.2,905,0.4,3710,3631
27-May-19,Sanwer,Soyabean,Yellow,FAQ,3550,3721,319.2,905,0.4,3710,3640
28-May-19,Sanwer,Soyabean,Yellow,FAQ,3626,3750,319.2,905,0.4,3710,3651
29-May-19,Sanwer,Soyabean,Yellow,FAQ,3536,3706,319.2,905,0.4,3710,3630
30-May-19,Sanwer,Soyabean,Yellow,FAQ,3511,3685,319.2,905,0.4,3710,3634
31-May-19,Sanwer,Soyabean,Yellow,FAQ,3660,3792,319.2,905,0.4,3710,3660
01-Jun-19,Sanwer,Soyabean,Yellow,FAQ,3602,3695,849.1,905,100.4,3710,3661
04-Jun-19,Sanwer,Soyabean,Yellow,FAQ,3500,3740,849.1,905,100.4,3710,3625
06-Jun-19,Sanwer,Soyabean,Yellow,FAQ,3550,3731,849.1,905,100.4,3710,3667
07-Jun-19,Sanwer,Soyabean,Yellow,FAQ,3555,3662,849.1,905,100.4,3710,3601
10-Jun-19,Sanwer,Soyabean,Yellow,FAQ,3552,3643,849.1,905,100.4,3710,3582
11-Jun-19,Sanwer,Soyabean,Yellow,FAQ,3451,3650,849.1,905,100.4,3710,3576
12-Jun-19,Sanwer,Soyabean,Yellow,FAQ,3441,3650,849.1,905,100.4,3710,3526
13-Jun-19,Sanwer,Soyabean,Yellow,FAQ,3451,3661,849.1,905,100.4,3710,3585
14-Jun-19,Sanwer,Soyabean,Yellow,FAQ,3425,3714,849.1,905,100.4,3710,3634
15-Jun-19,Sanwer,Soyabean,Yellow,FAQ,3482,3685,849.1,905,100.4,3710,3600
17-Jun-19,Sanwer,Soyabean,Yellow,FAQ,3580,3691,849.1,905,100.4,3710,3635
18-Jun-19,Sanwer,Soyabean,Yellow,FAQ,3461,3661,849.1,905,100.4,3710,3551
19-Jun-19,Sanwer,Soyabean,Yellow,FAQ,3535,3694,849.1,905,100.4,3710,3594
20-Jun-19,Sanwer,Soyabean,Yellow,FAQ,3460,3622,849.1,905,100.4,3710,3515
21-Jun-19,Sanwer,Soyabean,Yellow,FAQ,3250,3651,849.1,905,100.4,3710,3590
24-Jun-19,Sanwer,Soyabean,Yellow,FAQ,3450,3653,849.1,905,100.4,3710,3562
25-Jun-19,Sanwer,Soyabean,Yellow,FAQ,3575,3651,849.1,905,100.4,3710,3600
26-Jun-19,Sanwer,Soyabean,Yellow,FAQ,3500,3600,849.1,905,100.4,3710,3550
27-Jun-19,Sanwer,Soyabean,Yellow,FAQ,3621,3698,849.1,905,100.4,3710,3632
28-Jun-19,Sanwer,Soyabean,Yellow,FAQ,3423,3671,849.1,905,100.4,3710,3600
29-Jun-19,Sanwer,Soyabean,Yellow,FAQ,3410,3656,849.1,905,100.4,3710,3600
01-Jul-19,Sanwer,Soyabean,Yellow,FAQ,3371,3654,1600.9,905,200.8,3710,3550
03-Jul-19,Sanwer,Soyabean,Yellow,FAQ,3200,3571,1600.9,905,200.8,3710,3540
04-Jul-19,Sanwer,Soyabean,Yellow,FAQ,3492,3590,1600.9,905,200.8,3710,3551
05-Jul-19,Sanwer,Soyabean,Yellow,FAQ,3309,3585,1600.9,905,200.8,3710,3570
06-Jul-19,Sanwer,Soyabean,Yellow,FAQ,3500,3565,1600.9,905,200.8,3710,3555
08-Jul-19,Sanwer,Soyabean,Yellow,FAQ,3350,3600,1600.9,905,200.8,3710,3560
09-Jul-19,Sanwer,Soyabean,Yellow,FAQ,2900,3500,1600.9,905,200.8,3710,3440
10-Jul-19,Sanwer,Soyabean,Yellow,FAQ,3375,3480,1600.9,905,200.8,3710,3430
11-Jul-19,Sanwer,Soyabean,Yellow,FAQ,3350,3520,1600.9,905,200.8,3710,3458
12-Jul-19,Sanwer,Soyabean,Yellow,FAQ,3001,3551,1600.9,905,200.8,3710,3480
15-Jul-19,Sanwer,Soyabean,Yellow,FAQ,3400,3641,1600.9,905,200.8,3710,3571
16-Jul-19,Sanwer,Soyabean,Yellow,FAQ,3290,3607,1600.9,905,200.8,3710,3571
17-Jul-19,Sanwer,Soyabean,Yellow,FAQ,3371,3624,1600.9,905,200.8,3710,3580
18-Jul-19,Sanwer,Soyabean,Yellow,FAQ,3530,3600,1600.9,905,200.8,3710,3576
19-Jul-19,Sanwer,Soyabean,Yellow,FAQ,3400,3600,1600.9,905,200.8,3710,3536
20-Jul-19,Sanwer,Soyabean,Yellow,FAQ,3309,3561,1600.9,905,200.8,3710,3461
22-Jul-19,Sanwer,Soyabean,Yellow,FAQ,3300,3525,1600.9,905,200.8,3710,3450
23-Jul-19,Sanwer,Soyabean,Yellow,FAQ,3450,3520,1600.9,905,200.8,3710,3481
24-Jul-19,Sanwer,Soyabean,Yellow,FAQ,3425,3524,1600.9,905,200.8,3710,3475
25-Jul-19,Sanwer,Soyabean,Yellow,FAQ,3400,3531,1600.9,905,200.8,3710,3475
26-Jul-19,Sanwer,Soyabean,Yellow,FAQ,3400,3534,1600.9,905,200.8,3710,3490
29-Jul-19,Sanwer,Soyabean,Yellow,FAQ,2900,3563,1600.9,905,200.8,3710,3475
30-Jul-19,Sanwer,Soyabean,Yellow,FAQ,3400,3521,1600.9,905,200.8,3710,3480
31-Jul-19,Sanwer,Soyabean,Yellow,FAQ,3400,3551,1600.9,905,200.8,3710,3450
02-Aug-19,Sanwer,Soyabean,Yellow,FAQ,3200,3575,1045,905,300.6,3710,3450
03-Aug-19,Sanwer,Soyabean,Yellow,FAQ,3300,3541,1045,905,300.6,3710,3450
05-Aug-19,Sanwer,Soyabean,Yellow,FAQ,3419,3480,1045,905,300.6,3710,3430
06-Aug-19,Sanwer,Soyabean,Yellow,FAQ,3350,3503,1045,905,300.6,3710,3450
07-Aug-19,Sanwer,Soyabean,Yellow,FAQ,2900,3520,1045,905,300.6,3710,3450
08-Aug-19,Sanwer,Soyabean,Yellow,FAQ,3450,3576,1045,905,300.6,3710,3480
13-Aug-19,Sanwer,Soyabean,Yellow,FAQ,3400,3578,1045,905,300.6,3710,3500
14-Aug-19,Sanwer,Soyabean,Yellow,FAQ,3405,3592,1045,905,300.6,3710,3501
16-Aug-19,Sanwer,Soyabean,Yellow,FAQ,3612,3612,1045,905,300.6,3710,3612
17-Aug-19,Sanwer,Soyabean,Yellow,FAQ,3432,3626,1045,905,300.6,3710,3550
19-Aug-19,Sanwer,Soyabean,Yellow,FAQ,3400,3584,1045,905,300.6,3710,3500
20-Aug-19,Sanwer,Soyabean,Yellow,FAQ,3475,3610,1045,905,300.6,3710,3511
21-Aug-19,Sanwer,Soyabean,Yellow,FAQ,3400,3640,1045,905,300.6,3710,3570
22-Aug-19,Sanwer,Soyabean,Yellow,FAQ,3400,3630,1045,905,300.6,3710,3521
26-Aug-19,Sanwer,Soyabean,Yellow,FAQ,3000,3682,1045,905,300.6,3710,3545
27-Aug-19,Sanwer,Soyabean,Yellow,FAQ,3525,3680,1045,905,300.6,3710,3590
28-Aug-19,Sanwer,Soyabean,Yellow,FAQ,3200,3719,1045,905,300.6,3710,3600
31-Aug-19,Sanwer,Soyabean,Yellow,FAQ,3400,3710,1045,905,300.6,3710,3600
03-Sep-19,Sanwer,Soyabean,Yellow,FAQ,3151,3704,736.5,905,100.8,3710,3630
04-Sep-19,Sanwer,Soyabean,Yellow,FAQ,3201,3725,736.5,905,100.8,3710,3622
05-Sep-19,Sanwer,Soyabean,Yellow,FAQ,3322,3695,736.5,905,100.8,3710,3589
09-Sep-19,Sanwer,Soyabean,Yellow,FAQ,3600,3601,736.5,905,100.8,3710,3601
11-Sep-19,Sanwer,Soyabean,Yellow,FAQ,3400,3635,736.5,905,100.8,3710,3525
13-Sep-19,Sanwer,Soyabean,Yellow,FAQ,3650,3661,736.5,905,100.8,3710,3650
16-Sep-19,Sanwer,Soyabean,Yellow,FAQ,3585,3900,736.5,905,100.8,3710,3700
17-Sep-19,Sanwer,Soyabean,Yellow,FAQ,2611,3761,736.5,905,100.8,3710,3600
18-Sep-19,Sanwer,Soyabean,Yellow,FAQ,3252,3867,736.5,905,100.8,3710,3711
20-Sep-19,Sanwer,Soyabean,Yellow,FAQ,2929,3891,736.5,905,100.8,3710,3750
21-Sep-19,Sanwer,Soyabean,Yellow,FAQ,3251,3870,736.5,905,100.8,3710,3550
23-Sep-19,Sanwer,Soyabean,Yellow,FAQ,3200,3858,736.5,905,100.8,3710,3753
24-Sep-19,Sanwer,Soyabean,Yellow,FAQ,3000,3896,736.5,905,100.8,3710,3750
25-Sep-19,Sanwer,Soyabean,Yellow,FAQ,2701,3951,736.5,905,100.8,3710,3851
26-Sep-19,Sanwer,Soyabean,Yellow,FAQ,3200,4096,736.5,905,100.8,3710,3871
27-Sep-19,Sanwer,Soyabean,Yellow,FAQ,2900,4195,736.5,905,100.8,3710,4000
30-Sep-19,Sanwer,Soyabean,Yellow,FAQ,1211,4151,736.5,905,100.8,3710,3701
01-Oct-19,Sanwer,Soyabean,Yellow,FAQ,1400,4342,3446.7,905,0.8,3710,3000
03-Oct-19,Sanwer,Soyabean,Yellow,FAQ,1500,3111,3446.7,905,0.8,3710,2950
04-Oct-19,Sanwer,Soyabean,Yellow,FAQ,1850,3050,3446.7,905,0.8,3710,2500
05-Oct-19,Sanwer,Soyabean,Yellow,FAQ,1201,3300,3446.7,905,0.8,3710,2575
07-Oct-19,Sanwer,Soyabean,Yellow,FAQ,2200,3507,3446.7,905,0.8,3710,3390
10-Oct-19,Sanwer,Soyabean,Yellow,FAQ,1300,3850,3446.7,905,0.8,3710,3301
11-Oct-19,Sanwer,Soyabean,Yellow,FAQ,1500,3550,3446.7,905,0.8,3710,3400
14-Oct-19,Sanwer,Soyabean,Yellow,FAQ,2200,3600,3446.7,905,0.8,3710,3250
15-Oct-19,Sanwer,Soyabean,Yellow,FAQ,2500,3665,3446.7,905,0.8,3710,3400
16-Oct-19,Sanwer,Soyabean,Yellow,FAQ,2500,3705,3446.7,905,0.8,3710,3500
17-Oct-19,Sanwer,Soyabean,Yellow,FAQ,1350,3809,3446.7,905,0.8,3710,3400
18-Oct-19,Sanwer,Soyabean,Yellow,FAQ,1200,3850,3446.7,905,0.8,3710,3400
19-Oct-19,Sanwer,Soyabean,Yellow,FAQ,1400,3535,3446.7,905,0.8,3710,3200
21-Oct-19,Sanwer,Soyabean,Yellow,FAQ,2575,3930,3446.7,905,0.8,3710,3300
22-Oct-19,Sanwer,Soyabean,Yellow,FAQ,1200,3765,3446.7,905,0.8,3710,3400
23-Oct-19,Sanwer,Soyabean,Yellow,FAQ,2501,3850,3446.7,905,0.8,3710,3500
30-Oct-19,Sanwer,Soyabean,Yellow,FAQ,2500,3981,3446.7,905,0.8,3710,3650
31-Oct-19,Sanwer,Soyabean,Yellow,FAQ,2500,3937,3446.7,905,0.8,3710,3555
01-Nov-19,Sanwer,Soyabean,Yellow,FAQ,2200,4050,4613.6,905,0.5,3710,3700
02-Nov-19,Sanwer,Soyabean,Yellow,FAQ,1800,3913,4613.6,905,0.5,3710,3600
04-Nov-19,Sanwer,Soyabean,Yellow,FAQ,2551,4050,4613.6,905,0.5,3710,3916
05-Nov-19,Sanwer,Soyabean,Yellow,FAQ,1400,4030,4613.6,905,0.5,3710,3685
06-Nov-19,Sanwer,Soyabean,Yellow,FAQ,2700,4040,4613.6,905,0.5,3710,3850
07-Nov-19,Sanwer,Soyabean,Yellow,FAQ,2600,4042,4613.6,905,0.5,3710,3850
08-Nov-19,Sanwer,Soyabean,Yellow,FAQ,2065,4151,4613.6,905,0.5,3710,3931
11-Nov-19,Sanwer,Soyabean,Yellow,FAQ,2500,4112,4613.6,905,0.5,3710,3937
13-Nov-19,Sanwer,Soyabean,Yellow,FAQ,2200,4025,4613.6,905,0.5,3710,3775
14-Nov-19,Sanwer,Soyabean,Yellow,FAQ,2270,4025,4613.6,905,0.5,3710,3822
15-Nov-19,Sanwer,Soyabean,Yellow,FAQ,2608,4052,4613.6,905,0.5,3710,3800
16-Nov-19,Sanwer,Soyabean,Yellow,FAQ,2551,4076,4613.6,905,0.5,3710,3868
18-Nov-19,Sanwer,Soyabean,Yellow,FAQ,2700,4050,4613.6,905,0.5,3710,3851
19-Nov-19,Sanwer,Soyabean,Yellow,FAQ,3000,4006,4613.6,905,0.5,3710,3833
20-Nov-19,Sanwer,Soyabean,Yellow,FAQ,2156,4100,4613.6,905,0.5,3710,3800
21-Nov-19,Sanwer,Soyabean,Yellow,FAQ,2600,4111,4613.6,905,0.5,3710,3761
22-Nov-19,Sanwer,Soyabean,Yellow,FAQ,2500,4151,4613.6,905,0.5,3710,3900
25-Nov-19,Sanwer,Soyabean,Yellow,FAQ,2500,4030,4613.6,905,0.5,3710,3850
27-Nov-19,Sanwer,Soyabean,Yellow,FAQ,3000,4008,4613.6,905,0.5,3710,3850
28-Nov-19,Sanwer,Soyabean,Yellow,FAQ,2511,3981,4613.6,905,0.5,3710,3800
29-Nov-19,Sanwer,Soyabean,Yellow,FAQ,2500,4000,4613.6,905,0.5,3710,3800
30-Nov-19,Sanwer,Soyabean,Yellow,FAQ,3000,4050,4613.6,905,0.5,3710,3825
02-Dec-19,Sanwer,Soyabean,Yellow,FAQ,2701,4100,1570.3,905,0.3,3710,3865
03-Dec-19,Sanwer,Soyabean,Yellow,FAQ,2700,4008,1570.3,905,0.3,3710,3820
04-Dec-19,Sanwer,Soyabean,Yellow,FAQ,3000,4000,1570.3,905,0.3,3710,3850
05-Dec-19,Sanwer,Soyabean,Yellow,FAQ,3200,4111,1570.3,905,0.3,3710,3870
07-Dec-19,Sanwer,Soyabean,Yellow,FAQ,3000,4060,1570.3,905,0.3,3710,3800
