,Date,District Name,Market Name,Commodity,Variety,Grade,Min Price (Rs./Quintal),Max Price (Rs./Quintal),Modal Price (Rs./Quintal)
0,2 Jan 17,Indore,Indore,Soyabean,Yellow,FAQ,2500,2950,2850
2,3 Jan 17,Indore,Indore,Soyabean,Yellow,FAQ,2500,3100,2900
6,4 Jan 17,Indore,Indore,Soyabean,Yellow,FAQ,2600,3040,2880
10,5 Jan 17,Indore,Indore,Soyabean,Yellow,FAQ,2560,3080,2880
12,6 Jan 17,Indore,Indore,Soyabean,Yellow,FAQ,2560,3120,2975
20,9 Jan 17,Indore,Indore,Soyabean,Yellow,FAQ,1525,2990,2905
24,10 Jan 17,Indore,Indore,Soyabean,Yellow,FAQ,2500,2990,2850
28,11 Jan 17,Indore,Indore,Soyabean,Yellow,FAQ,2500,2970,2900
32,12 Jan 17,Indore,Indore,Soyabean,Yellow,FAQ,2500,3090,2925
36,13 Jan 17,Indore,Indore,Soyabean,Yellow,FAQ,2500,2990,2850
42,16 Jan 17,Indore,Indore,Soyabean,Yellow,FAQ,2500,3020,2900
46,17 Jan 17,Indore,Indore,Soyabean,Yellow,FAQ,2500,3040,2900
50,18 Jan 17,Indore,Indore,Soyabean,Yellow,FAQ,2500,3050,2900
53,19 Jan 17,Indore,Indore,Soyabean,Yellow,FAQ,2550,3070,2950
56,20 Jan 17,Indore,Indore,Soyabean,Yellow,FAQ,2500,3085,2850
60,21 Jan 17,Indore,Indore,Soyabean,Yellow,FAQ,2500,2990,2860
67,24 Jan 17,Indore,Indore,Soyabean,Yellow,FAQ,2500,3000,2900
75,28 Jan 17,Indore,Indore,Soyabean,Yellow,FAQ,2500,2950,2850
80,30 Jan 17,Indore,Indore,Soyabean,Yellow,FAQ,2500,3005,2880
84,31 Jan 17,Indore,Indore,Soyabean,Yellow,FAQ,1400,3025,2875
92,3 Feb 17,Indore,Indore,Soyabean,Yellow,FAQ,2555,3010,2900
96,4 Feb 17,Indore,Indore,Soyabean,Yellow,FAQ,2500,2975,2975
100,6 Feb 17,Indore,Indore,Soyabean,Yellow,FAQ,2500,2950,2850
102,7 Feb 17,Indore,Indore,Soyabean,Yellow,FAQ,2500,3075,2900
106,8 Feb 17,Indore,Indore,Soyabean,Yellow,FAQ,2500,3090,2900
110,9 Feb 17,Indore,Indore,Soyabean,Yellow,FAQ,1200,3005,2875
114,10 Feb 17,Indore,Indore,Soyabean,Yellow,FAQ,1200,3005,2875
117,11 Feb 17,Indore,Indore,Soyabean,Yellow,FAQ,2500,3100,2875
121,13 Feb 17,Indore,Indore,Soyabean,Yellow,FAQ,2560,2960,2850
125,14 Feb 17,Indore,Indore,Soyabean,Yellow,FAQ,2500,2925,2800
129,15 Feb 17,Indore,Indore,Soyabean,Yellow,FAQ,2500,2940,2800
133,16 Feb 17,Indore,Indore,Soyabean,Yellow,FAQ,2450,3000,2800
137,17 Feb 17,Indore,Indore,Soyabean,Yellow,FAQ,2400,2875,2800
140,18 Feb 17,Indore,Indore,Soyabean,Yellow,FAQ,2400,2880,2800
145,20 Feb 17,Indore,Indore,Soyabean,Yellow,FAQ,2550,2860,2780
149,21 Feb 17,Indore,Indore,Soyabean,Yellow,FAQ,700,2895,2850
153,22 Feb 17,Indore,Indore,Soyabean,Yellow,FAQ,730,2875,2810
156,23 Feb 17,Indore,Indore,Soyabean,Yellow,FAQ,2700,2890,2800
165,28 Feb 17,Indore,Indore,Soyabean,Yellow,FAQ,500,2955,2950
169,1 Mar 17,Indore,Indore,Soyabean,Yellow,FAQ,1600,3005,3005
173,2 Mar 17,Indore,Indore,Soyabean,Yellow,FAQ,1375,3020,2870
177,3 Mar 17,Indore,Indore,Soyabean,Yellow,FAQ,2000,2910,2800
181,4 Mar 17,Indore,Indore,Soyabean,Yellow,FAQ,2000,2950,2870
186,6 Mar 17,Indore,Indore,Soyabean,Yellow,FAQ,2500,2915,2790
189,7 Mar 17,Indore,Indore,Soyabean,Yellow,FAQ,2000,2965,2870
196,9 Mar 17,Indore,Indore,Soyabean,Yellow,FAQ,2500,2920,2800
199,10 Mar 17,Indore,Indore,Soyabean,Yellow,FAQ,2505,2930,2885
202,11 Mar 17,Indore,Indore,Soyabean,Yellow,FAQ,2500,2935,2935
206,14 Mar 17,Indore,Indore,Soyabean,Yellow,FAQ,2000,2930,2885
209,15 Mar 17,Indore,Indore,Soyabean,Yellow,FAQ,1475,2925,2800
213,16 Mar 17,Indore,Indore,Soyabean,Yellow,FAQ,1450,2930,2920
216,18 Mar 17,Indore,Indore,Soyabean,Yellow,FAQ,1900,2950,2880
220,20 Mar 17,Indore,Indore,Soyabean,Yellow,FAQ,1805,2970,2865
224,21 Mar 17,Indore,Indore,Soyabean,Yellow,FAQ,1500,2985,2900
228,22 Mar 17,Indore,Indore,Soyabean,Yellow,FAQ,1485,2950,2885
235,24 Mar 17,Indore,Indore,Soyabean,Yellow,FAQ,1650,2960,2925
239,25 Mar 17,Indore,Indore,Soyabean,Yellow,FAQ,1650,2960,2925
244,27 Mar 17,Indore,Indore,Soyabean,Yellow,FAQ,1500,2940,2915
248,29 Mar 17,Indore,Indore,Soyabean,Yellow,FAQ,2600,2890,2800
250,30 Mar 17,Indore,Indore,Soyabean,Yellow,FAQ,2200,2935,2890
253,31 Mar 17,Indore,Indore,Soyabean,Yellow,FAQ,1500,2920,2780
254,1 Apr 17,Indore,Indore,Soyabean,Yellow,FAQ,2000,2915,2700
259,4 Apr 17,Indore,Indore,Soyabean,Yellow,FAQ,1800,2950,2850
262,6 Apr 17,Indore,Indore,Soyabean,Yellow,FAQ,1800,2980,2845
265,7 Apr 17,Indore,Indore,Soyabean,Yellow,FAQ,1870,2975,2880
268,8 Apr 17,Indore,Indore,Soyabean,Yellow,FAQ,1500,2950,2930
272,10 Apr 17,Indore,Indore,Soyabean,Yellow,FAQ,1100,2960,2950
279,12 Apr 17,Indore,Indore,Soyabean,Yellow,FAQ,2500,2960,2920
283,13 Apr 17,Indore,Indore,Soyabean,Yellow,FAQ,1500,2975,2950
288,15 Apr 17,Indore,Indore,Soyabean,Yellow,FAQ,1000,2995,2925
292,17 Apr 17,Indore,Indore,Soyabean,Yellow,FAQ,1000,3015,2920
296,18 Apr 17,Indore,Indore,Soyabean,Yellow,FAQ,1500,3000,2900
300,19 Apr 17,Indore,Indore,Soyabean,Yellow,FAQ,1500,3015,2950
303,20 Apr 17,Indore,Indore,Soyabean,Yellow,FAQ,500,3020,2965
306,21 Apr 17,Indore,Indore,Soyabean,Yellow,FAQ,1500,3060,3000
310,22 Apr 17,Indore,Indore,Soyabean,Yellow,FAQ,1800,3050,2990
314,24 Apr 17,Indore,Indore,Soyabean,Yellow,FAQ,2500,3035,2900
320,27 Apr 17,Indore,Indore,Soyabean,Yellow,FAQ,1760,3040,3005
323,28 Apr 17,Indore,Indore,Soyabean,Yellow,FAQ,2030,3025,2985
327,1 May 17,Indore,Indore,Soyabean,Yellow,FAQ,1260,3030,3000
331,2 May 17,Indore,Indore,Soyabean,Yellow,FAQ,1000,3045,2995
334,3 May 17,Indore,Indore,Soyabean,Yellow,FAQ,1400,3040,2980
337,4 May 17,Indore,Indore,Soyabean,Yellow,FAQ,1600,3020,2975
341,5 May 17,Indore,Indore,Soyabean,Yellow,FAQ,1500,3015,2950
345,6 May 17,Indore,Indore,Soyabean,Yellow,FAQ,1800,3025,2930
349,8 May 17,Indore,Indore,Soyabean,Yellow,FAQ,1800,3040,2990
351,9 May 17,Indore,Indore,Soyabean,Yellow,FAQ,1210,3015,2965
354,10 May 17,Indore,Indore,Soyabean,Yellow,FAQ,1750,3030,2945
356,11 May 17,Indore,Indore,Soyabean,Yellow,FAQ,1500,2985,2900
358,12 May 17,Indore,Indore,Soyabean,Yellow,FAQ,1750,2970,2880
361,13 May 17,Indore,Indore,Soyabean,Yellow,FAQ,1700,3030,2925
365,15 May 17,Indore,Indore,Soyabean,Yellow,FAQ,1680,2945,2930
368,16 May 17,Indore,Indore,Soyabean,Yellow,FAQ,1910,2940,2790
371,17 May 17,Indore,Indore,Soyabean,Yellow,FAQ,1805,2940,2830
375,18 May 17,Indore,Indore,Soyabean,Yellow,FAQ,2600,2950,2850
377,19 May 17,Indore,Indore,Soyabean,Yellow,FAQ,1500,2925,2765
381,20 May 17,Indore,Indore,Soyabean,Yellow,FAQ,1500,2865,2780
385,22 May 17,Indore,Indore,Soyabean,Yellow,FAQ,1550,2855,2855
389,23 May 17,Indore,Indore,Soyabean,Yellow,FAQ,1666,2955,2855
393,24 May 17,Indore,Indore,Soyabean,Yellow,FAQ,1000,2875,2750
397,25 May 17,Indore,Indore,Soyabean,Yellow,FAQ,1000,2875,2750
398,26 May 17,Indore,Indore,Soyabean,Yellow,FAQ,2500,2865,2780
401,27 May 17,Indore,Indore,Soyabean,Yellow,FAQ,555,2895,2895
418,21 Jun 17,Indore,Indore,Soyabean,Yellow,FAQ,800,2965,2865
421,22 Jun 17,Indore,Indore,Soyabean,Yellow,FAQ,1125,2975,2840
425,26 Jun 17,Indore,Indore,Soyabean,Yellow,FAQ,1400,3025,2870
427,27 Jun 17,Indore,Indore,Soyabean,Yellow,FAQ,500,3080,2870
431,29 Jun 17,Indore,Indore,Soyabean,Yellow,FAQ,2600,2940,2850
438,5 Jul 17,Indore,Indore,Soyabean,Yellow,FAQ,1600,2925,2800
440,6 Jul 17,Indore,Indore,Soyabean,Yellow,FAQ,620,2940,2800
442,7 Jul 17,Indore,Indore,Soyabean,Yellow,FAQ,2500,2900,2800
444,8 Jul 17,Indore,Indore,Soyabean,Yellow,FAQ,2500,2980,2840
455,14 Jul 17,Indore,Indore,Soyabean,Yellow,FAQ,2500,2990,2875
461,17 Jul 17,Indore,Indore,Soyabean,Yellow,FAQ,1000,3900,3900
464,18 Jul 17,Indore,Indore,Soyabean,Yellow,FAQ,2000,3015,2870
467,19 Jul 17,Indore,Indore,Soyabean,Yellow,FAQ,2855,2955,2955
470,20 Jul 17,Indore,Indore,Soyabean,Yellow,FAQ,2500,2955,2845
472,22 Jul 17,Indore,Indore,Soyabean,Yellow,FAQ,1500,2940,2830
477,27 Jul 17,Indore,Indore,Soyabean,Yellow,FAQ,1500,2880,2810
480,28 Jul 17,Indore,Indore,Soyabean,Yellow,FAQ,1500,2885,2845
483,29 Jul 17,Indore,Indore,Soyabean,Yellow,FAQ,1280,2905,2860
486,31 Jul 17,Indore,Indore,Soyabean,Yellow,FAQ,1500,2900,2845
489,1 Aug 17,Indore,Indore,Soyabean,Yellow,FAQ,1820,2905,2830
493,3 Aug 17,Indore,Indore,Soyabean,Yellow,FAQ,1500,2865,2865
496,4 Aug 17,Indore,Indore,Soyabean,Yellow,FAQ,1000,2830,2830
499,5 Aug 17,Indore,Indore,Soyabean,Yellow,FAQ,1500,2925,2830
502,8 Aug 17,Indore,Indore,Soyabean,Yellow,FAQ,1605,2880,2760
504,9 Aug 17,Indore,Indore,Soyabean,Yellow,FAQ,1500,2905,2855
507,10 Aug 17,Indore,Indore,Soyabean,Yellow,FAQ,1500,2910,2880
510,11 Aug 17,Indore,Indore,Soyabean,Yellow,FAQ,1500,2895,2820
513,12 Aug 17,Indore,Indore,Soyabean,Yellow,FAQ,1100,2985,2965
515,14 Aug 17,Indore,Indore,Soyabean,Yellow,FAQ,1800,2985,2920
518,16 Aug 17,Indore,Indore,Soyabean,Yellow,FAQ,1750,3015,2990
523,18 Aug 17,Indore,Indore,Soyabean,Yellow,FAQ,1600,3035,3015
525,19 Aug 17,Indore,Indore,Soyabean,Yellow,FAQ,1505,3030,3020
529,22 Aug 17,Indore,Indore,Soyabean,Yellow,FAQ,1200,3050,3020
531,23 Aug 17,Indore,Indore,Soyabean,Yellow,FAQ,1125,3100,3070
534,24 Aug 17,Indore,Indore,Soyabean,Yellow,FAQ,1500,3120,3080
539,28 Aug 17,Indore,Indore,Soyabean,Yellow,FAQ,1000,3135,3075
542,29 Aug 17,Indore,Indore,Soyabean,Yellow,FAQ,1105,3100,3050
545,30 Aug 17,Indore,Indore,Soyabean,Yellow,FAQ,2500,3080,2980
547,31 Aug 17,Indore,Indore,Soyabean,Yellow,FAQ,1100,3075,2955
550,2 Sep 17,Indore,Indore,Soyabean,Yellow,FAQ,1000,3721,2980
553,4 Sep 17,Indore,Indore,Soyabean,Yellow,FAQ,600,3015,2950
557,6 Sep 17,Indore,Indore,Soyabean,Yellow,FAQ,600,3040,2875
559,7 Sep 17,Indore,Indore,Soyabean,Yellow,FAQ,1800,3040,2940
562,8 Sep 17,Indore,Indore,Soyabean,Yellow,FAQ,1540,2019,1641
564,9 Sep 17,Indore,Indore,Soyabean,Yellow,FAQ,2000,3040,2950
567,11 Sep 17,Indore,Indore,Soyabean,Yellow,FAQ,2000,3010,2925
569,12 Sep 17,Indore,Indore,Soyabean,Yellow,FAQ,2000,3035,2925
571,13 Sep 17,Indore,Indore,Soyabean,Yellow,FAQ,2000,3040,2925
574,14 Sep 17,Indore,Indore,Soyabean,Yellow,FAQ,2000,3090,2925
577,15 Sep 17,Indore,Indore,Soyabean,Yellow,FAQ,2000,3070,2930
579,16 Sep 17,Indore,Indore,Soyabean,Yellow,FAQ,2000,3075,2925
582,18 Sep 17,Indore,Indore,Soyabean,Yellow,FAQ,2000,3090,2950
585,19 Sep 17,Indore,Indore,Soyabean,Yellow,FAQ,615,3110,3080
591,22 Sep 17,Indore,Indore,Soyabean,Yellow,FAQ,2000,3110,3000
594,23 Sep 17,Indore,Indore,Soyabean,Yellow,FAQ,2000,3170,2970
597,25 Sep 17,Indore,Indore,Soyabean,Yellow,FAQ,2000,3135,2900
601,26 Sep 17,Indore,Indore,Soyabean,Yellow,FAQ,2000,3090,2930
604,27 Sep 17,Indore,Indore,Soyabean,Yellow,FAQ,2000,3100,2950
607,28 Sep 17,Indore,Indore,Soyabean,Yellow,FAQ,2000,3135,2950
610,29 Sep 17,Indore,Indore,Soyabean,Yellow,FAQ,2000,3100,2950
614,3 Oct 17,Indore,Indore,Soyabean,Yellow,FAQ,2000,3060,2900
617,4 Oct 17,Indore,Indore,Soyabean,Yellow,FAQ,2000,3060,2950
620,5 Oct 17,Indore,Indore,Soyabean,Yellow,FAQ,2000,3060,2950
622,6 Oct 17,Indore,Indore,Soyabean,Yellow,FAQ,2000,3035,2950
625,7 Oct 17,Indore,Indore,Soyabean,Yellow,FAQ,2000,3015,2950
630,9 Oct 17,Indore,Indore,Soyabean,Yellow,FAQ,2000,2965,2850
634,10 Oct 17,Indore,Indore,Soyabean,Yellow,FAQ,2000,2980,2800
637,11 Oct 17,Indore,Indore,Soyabean,Yellow,FAQ,2000,2905,2800
641,12 Oct 17,Indore,Indore,Soyabean,Yellow,FAQ,2000,2905,2800
644,13 Oct 17,Indore,Indore,Soyabean,Yellow,FAQ,2000,2930,2800
648,14 Oct 17,Indore,Indore,Soyabean,Yellow,FAQ,2000,2930,2800
653,16 Oct 17,Indore,Indore,Soyabean,Yellow,FAQ,1061,1406,1406
657,17 Oct 17,Indore,Indore,Soyabean,Yellow,FAQ,2000,2950,2800
660,23 Oct 17,Indore,Indore,Soyabean,Yellow,FAQ,2000,4611,2900
664,24 Oct 17,Indore,Indore,Soyabean,Yellow,FAQ,2000,2985,2800
668,25 Oct 17,Indore,Indore,Soyabean,Yellow,FAQ,2000,2935,2750
672,26 Oct 17,Indore,Indore,Soyabean,Yellow,FAQ,2000,2865,2700
676,27 Oct 17,Indore,Indore,Soyabean,Yellow,FAQ,2000,2865,2700
680,28 Oct 17,Indore,Indore,Soyabean,Yellow,FAQ,2000,2865,2700
684,30 Oct 17,Indore,Indore,Soyabean,Yellow,FAQ,2000,2850,2700
688,31 Oct 17,Indore,Indore,Soyabean,Yellow,FAQ,2000,2760,2600
691,1 Nov 17,Indore,Indore,Soyabean,Yellow,FAQ,2000,2820,2700
695,2 Nov 17,Indore,Indore,Soyabean,Yellow,FAQ,2000,2780,2600
699,3 Nov 17,Indore,Indore,Soyabean,Yellow,FAQ,2000,2805,2650
703,4 Nov 17,Indore,Indore,Soyabean,Yellow,FAQ,2000,2755,2650
705,6 Nov 17,Indore,Indore,Soyabean,Yellow,FAQ,2000,2790,2600
711,8 Nov 17,Indore,Indore,Soyabean,Yellow,FAQ,2000,2830,2650
714,9 Nov 17,Indore,Indore,Soyabean,Yellow,FAQ,2000,2850,2650
716,10 Nov 17,Indore,Indore,Soyabean,Yellow,FAQ,2000,2780,2600
718,11 Nov 17,Indore,Indore,Soyabean,Yellow,FAQ,2000,2770,2600
720,13 Nov 17,Indore,Indore,Soyabean,Yellow,FAQ,2000,2785,2600
723,14 Nov 17,Indore,Indore,Soyabean,Yellow,FAQ,2000,2720,2600
726,15 Nov 17,Indore,Indore,Soyabean,Yellow,FAQ,2000,2765,2600
729,16 Nov 17,Indore,Indore,Soyabean,Yellow,FAQ,2000,2820,2700
732,17 Nov 17,Indore,Indore,Soyabean,Yellow,FAQ,2000,2785,2600
735,20 Nov 17,Indore,Indore,Soyabean,Yellow,FAQ,2000,2830,2700
739,21 Nov 17,Indore,Indore,Soyabean,Yellow,FAQ,2000,2845,2700
743,22 Nov 17,Indore,Indore,Soyabean,Yellow,FAQ,2000,2845,2750
747,23 Nov 17,Indore,Indore,Soyabean,Yellow,FAQ,2000,2920,2800
751,24 Nov 17,Indore,Indore,Soyabean,Yellow,FAQ,2000,3000,2900
755,25 Nov 17,Indore,Indore,Soyabean,Yellow,FAQ,2000,2985,2800
757,27 Nov 17,Indore,Indore,Soyabean,Yellow,FAQ,2000,3010,2900
761,28 Nov 17,Indore,Indore,Soyabean,Yellow,FAQ,2000,3055,2900
765,29 Nov 17,Indore,Indore,Soyabean,Yellow,FAQ,2000,3060,2950
769,30 Nov 17,Indore,Indore,Soyabean,Yellow,FAQ,2000,3070,2950
773,1 Dec 17,Indore,Indore,Soyabean,Yellow,FAQ,2000,3025,2900
777,2 Dec 17,Indore,Indore,Soyabean,Yellow,FAQ,2000,3045,2900
779,4 Dec 17,Indore,Indore,Soyabean,Yellow,FAQ,2000,3075,2900
783,5 Dec 17,Indore,Indore,Soyabean,Yellow,FAQ,2000,3080,2950
790,7 Dec 17,Indore,Indore,Soyabean,Yellow,FAQ,2000,3150,3050
797,9 Dec 17,Indore,Indore,Soyabean,Yellow,FAQ,2000,3135,3050
799,11 Dec 17,Indore,Indore,Soyabean,Yellow,FAQ,2000,3100,3000
803,12 Dec 17,Indore,Indore,Soyabean,Yellow,FAQ,2000,3100,3000
807,13 Dec 17,Indore,Indore,Soyabean,Yellow,FAQ,2000,3125,3000
811,14 Dec 17,Indore,Indore,Soyabean,Yellow,FAQ,2000,3090,2930
815,15 Dec 17,Indore,Indore,Soyabean,Yellow,FAQ,2000,3080,2930
819,16 Dec 17,Indore,Indore,Soyabean,Yellow,FAQ,2000,3075,2950
823,19 Dec 17,Indore,Indore,Soyabean,Yellow,FAQ,2000,3100,2950
827,20 Dec 17,Indore,Indore,Soyabean,Yellow,FAQ,2000,3110,2950
831,21 Dec 17,Indore,Indore,Soyabean,Yellow,FAQ,2000,3080,2950
835,22 Dec 17,Indore,Indore,Soyabean,Yellow,FAQ,2000,3070,2950
839,23 Dec 17,Indore,Indore,Soyabean,Yellow,FAQ,2000,3090,3000
840,25 Dec 17,Indore,Indore,Soyabean,Yellow,FAQ,2000,3070,2900
842,26 Dec 17,Indore,Indore,Soyabean,Yellow,FAQ,2000,3100,3000
846,27 Dec 17,Indore,Indore,Soyabean,Yellow,FAQ,2000,3190,3000
850,28 Dec 17,Indore,Indore,Soyabean,Yellow,FAQ,2000,3165,3000
854,29 Dec 17,Indore,Indore,Soyabean,Yellow,FAQ,2000,3205,3050
860,1 Jan 18,Indore,Indore,Soyabean,Yellow,FAQ,2000,3165,3000
863,2 Jan 18,Indore,Indore,Soyabean,Yellow,FAQ,2000,3100,3000
867,3 Jan 18,Indore,Indore,Soyabean,Yellow,FAQ,2000,3160,3050
871,4 Jan 18,Indore,Indore,Soyabean,Yellow,FAQ,2000,3150,3000
875,5 Jan 18,Indore,Indore,Soyabean,Yellow,FAQ,2000,3225,3050
879,6 Jan 18,Indore,Indore,Soyabean,Yellow,FAQ,2000,3350,3100
883,8 Jan 18,Indore,Indore,Soyabean,Yellow,FAQ,2000,3285,3050
887,9 Jan 18,Indore,Indore,Soyabean,Yellow,FAQ,2000,3305,3100
890,10 Jan 18,Indore,Indore,Soyabean,Yellow,FAQ,2000,3285,3100
894,11 Jan 18,Indore,Indore,Soyabean,Yellow,FAQ,2000,3400,3100
898,12 Jan 18,Indore,Indore,Soyabean,Yellow,FAQ,2000,3280,3100
901,13 Jan 18,Indore,Indore,Soyabean,Yellow,FAQ,2000,3405,3200
903,15 Jan 18,Indore,Indore,Soyabean,Yellow,FAQ,2000,3335,3100
906,16 Jan 18,Indore,Indore,Soyabean,Yellow,FAQ,2000,3375,3100
911,18 Jan 18,Indore,Indore,Soyabean,Yellow,FAQ,2000,3380,3100
914,19 Jan 18,Indore,Indore,Soyabean,Yellow,FAQ,2000,3380,3100
918,20 Jan 18,Indore,Indore,Soyabean,Yellow,FAQ,2000,3415,3200
922,22 Jan 18,Indore,Indore,Soyabean,Yellow,FAQ,2000,3410,3200
925,23 Jan 18,Indore,Indore,Soyabean,Yellow,FAQ,2000,3505,3200
928,24 Jan 18,Indore,Indore,Soyabean,Yellow,FAQ,2000,3540,3200
931,25 Jan 18,Indore,Indore,Soyabean,Yellow,FAQ,2000,3560,3200
933,27 Jan 18,Indore,Indore,Soyabean,Yellow,FAQ,2000,3640,3300
935,29 Jan 18,Indore,Indore,Soyabean,Yellow,FAQ,2000,3770,3530
939,30 Jan 18,Indore,Indore,Soyabean,Yellow,FAQ,2000,3950,3300
943,31 Jan 18,Indore,Indore,Soyabean,Yellow,FAQ,2000,3915,3500
946,1 Feb 18,Indore,Indore,Soyabean,Yellow,FAQ,2000,3830,3500
950,2 Feb 18,Indore,Indore,Soyabean,Yellow,FAQ,2000,3705,3500
954,3 Feb 18,Indore,Indore,Soyabean,Yellow,FAQ,2000,3695,3500
957,5 Feb 18,Indore,Indore,Soyabean,Yellow,FAQ,2000,3670,3500
961,6 Feb 18,Indore,Indore,Soyabean,Yellow,FAQ,2000,3520,3300
965,7 Feb 18,Indore,Indore,Soyabean,Yellow,FAQ,2000,3620,3400
969,8 Feb 18,Indore,Indore,Soyabean,Yellow,FAQ,2000,3780,3500
973,9 Feb 18,Indore,Indore,Soyabean,Yellow,FAQ,2000,3695,3500
977,10 Feb 18,Indore,Indore,Soyabean,Yellow,FAQ,2000,3740,3500
983,14 Feb 18,Indore,Indore,Soyabean,Yellow,FAQ,2000,3810,3600
987,16 Feb 18,Indore,Indore,Soyabean,Yellow,FAQ,2000,3765,3500
990,17 Feb 18,Indore,Indore,Soyabean,Yellow,FAQ,2000,3830,3600
993,19 Feb 18,Indore,Indore,Soyabean,Yellow,FAQ,2000,3860,3600
995,20 Feb 18,Indore,Indore,Soyabean,Yellow,FAQ,2000,3725,3500
998,21 Feb 18,Indore,Indore,Soyabean,Yellow,FAQ,2000,3780,3500
1001,22 Feb 18,Indore,Indore,Soyabean,Yellow,FAQ,2000,3770,3600
1005,23 Feb 18,Indore,Indore,Soyabean,Yellow,FAQ,2000,3770,3600
1009,24 Feb 18,Indore,Indore,Soyabean,Yellow,FAQ,2000,3700,3500
1011,26 Feb 18,Indore,Indore,Soyabean,Yellow,FAQ,2000,3710,3600
1015,27 Feb 18,Indore,Indore,Soyabean,Yellow,FAQ,2000,3820,3600
1019,28 Feb 18,Indore,Indore,Soyabean,Yellow,FAQ,2000,3750,3600
1023,1 Mar 18,Indore,Indore,Soyabean,Yellow,FAQ,2000,3795,3600
1027,3 Mar 18,Indore,Indore,Soyabean,Yellow,FAQ,2000,3770,3600
1031,5 Mar 18,Indore,Indore,Soyabean,Yellow,FAQ,2000,3825,3600
1035,7 Mar 18,Indore,Indore,Soyabean,Yellow,FAQ,2000,3770,3600
1039,8 Mar 18,Indore,Indore,Soyabean,Yellow,FAQ,2000,3735,3600
1043,9 Mar 18,Indore,Indore,Soyabean,Yellow,FAQ,2000,3730,3600
1046,10 Mar 18,Indore,Indore,Soyabean,Yellow,FAQ,2000,3800,3600
1054,14 Mar 18,Indore,Indore,Soyabean,Yellow,FAQ,2000,3780,3600
1058,15 Mar 18,Indore,Indore,Soyabean,Yellow,FAQ,2000,3660,3500
1061,16 Mar 18,Indore,Indore,Soyabean,Yellow,FAQ,2000,3670,3500
1064,19 Mar 18,Indore,Indore,Soyabean,Yellow,FAQ,3300,3690,3550
1067,20 Mar 18,Indore,Indore,Soyabean,Yellow,FAQ,2000,3725,3600
1070,21 Mar 18,Indore,Indore,Soyabean,Yellow,FAQ,2000,3795,3600
1074,22 Mar 18,Indore,Indore,Soyabean,Yellow,FAQ,2000,3700,3600
1078,23 Mar 18,Indore,Indore,Soyabean,Yellow,FAQ,2000,3810,3650
1081,24 Mar 18,Indore,Indore,Soyabean,Yellow,FAQ,2000,3750,3600
1083,26 Mar 18,Indore,Indore,Soyabean,Yellow,FAQ,2000,3660,3500
1087,27 Mar 18,Indore,Indore,Soyabean,Yellow,FAQ,2000,3800,3650
1090,28 Mar 18,Indore,Indore,Soyabean,Yellow,FAQ,2000,3800,3700
1095,2 Apr 18,Indore,Indore,Soyabean,Yellow,FAQ,2000,3830,3700
1099,3 Apr 18,Indore,Indore,Soyabean,Yellow,FAQ,2000,3860,3600
1103,4 Apr 18,Indore,Indore,Soyabean,Yellow,FAQ,2000,3880,3700
1107,5 Apr 18,Indore,Indore,Soyabean,Yellow,FAQ,2000,3865,3600
1111,6 Apr 18,Indore,Indore,Soyabean,Yellow,FAQ,2000,3805,3600
1115,7 Apr 18,Indore,Indore,Soyabean,Yellow,FAQ,2000,3805,3600
1119,9 Apr 18,Indore,Indore,Soyabean,Yellow,FAQ,2050,3860,3600
1123,10 Apr 18,Indore,Indore,Soyabean,Yellow,FAQ,2000,3880,3645
1127,11 Apr 18,Indore,Indore,Soyabean,Yellow,FAQ,2000,3910,3670
1131,12 Apr 18,Indore,Indore,Soyabean,Yellow,FAQ,2000,3815,3600
1135,13 Apr 18,Indore,Indore,Soyabean,Yellow,FAQ,2000,3905,3665
1139,17 Apr 18,Indore,Indore,Soyabean,Yellow,FAQ,2000,3735,3600
1143,18 Apr 18,Indore,Indore,Soyabean,Yellow,FAQ,2000,3755,3600
1146,19 Apr 18,Indore,Indore,Soyabean,Yellow,FAQ,2000,3800,3600
1153,23 Apr 18,Indore,Indore,Soyabean,Yellow,FAQ,2000,3760,3600
1157,24 Apr 18,Indore,Indore,Soyabean,Yellow,FAQ,2000,3725,3600
1161,25 Apr 18,Indore,Indore,Soyabean,Yellow,FAQ,2000,3750,3600
1165,26 Apr 18,Indore,Indore,Soyabean,Yellow,FAQ,2000,3670,3500
1169,27 Apr 18,Indore,Indore,Soyabean,Yellow,FAQ,2000,3680,3600
1172,28 Apr 18,Indore,Indore,Soyabean,Yellow,FAQ,2000,3640,3500
1175,1 May 18,Indore,Indore,Soyabean,Yellow,FAQ,2000,3700,3600
1192,7 May 18,Indore,Indore,Soyabean,Yellow,FAQ,2000,3750,3600
1196,8 May 18,Indore,Indore,Soyabean,Yellow,FAQ,2000,3715,3600
1200,9 May 18,Indore,Indore,Soyabean,Yellow,FAQ,2000,3800,3600
1204,10 May 18,Indore,Indore,Soyabean,Yellow,FAQ,2000,3730,3600
1208,11 May 18,Indore,Indore,Soyabean,Yellow,FAQ,2000,3725,3600
1211,12 May 18,Indore,Indore,Soyabean,Yellow,FAQ,2000,3720,3600
1213,14 May 18,Indore,Indore,Soyabean,Yellow,FAQ,2000,3880,3600
1218,16 May 18,Indore,Indore,Soyabean,Yellow,FAQ,2000,3715,3600
1222,17 May 18,Indore,Indore,Soyabean,Yellow,FAQ,2000,3675,3500
1226,18 May 18,Indore,Indore,Soyabean,Yellow,FAQ,2000,3790,3600
1229,19 May 18,Indore,Indore,Soyabean,Yellow,FAQ,2000,3680,3500
1233,21 May 18,Indore,Indore,Soyabean,Yellow,FAQ,2000,3760,3600
1235,22 May 18,Indore,Indore,Soyabean,Yellow,FAQ,2000,3690,3500
1239,23 May 18,Indore,Indore,Soyabean,Yellow,FAQ,2000,3785,3600
1244,25 May 18,Indore,Indore,Soyabean,Yellow,FAQ,2000,3665,3500
1247,26 May 18,Indore,Indore,Soyabean,Yellow,FAQ,2000,3655,3500
1250,28 May 18,Indore,Indore,Soyabean,Yellow,FAQ,2000,3645,3500
1254,29 May 18,Indore,Indore,Soyabean,Yellow,FAQ,2000,3575,3475
1258,30 May 18,Indore,Indore,Soyabean,Yellow,FAQ,2000,3500,3500
1264,2 Jun 18,Indore,Indore,Soyabean,Yellow,FAQ,3300,3305,3300
1267,4 Jun 18,Indore,Indore,Soyabean,Yellow,FAQ,2300,3535,3350
1270,5 Jun 18,Indore,Indore,Soyabean,Yellow,FAQ,2000,3445,3350
1274,6 Jun 18,Indore,Indore,Soyabean,Yellow,FAQ,2000,3465,3350
1278,7 Jun 18,Indore,Indore,Soyabean,Yellow,FAQ,2000,3465,3350
1282,8 Jun 18,Indore,Indore,Soyabean,Yellow,FAQ,2000,3580,3400
1285,9 Jun 18,Indore,Indore,Soyabean,Yellow,FAQ,2000,3475,3350
1287,11 Jun 18,Indore,Indore,Soyabean,Yellow,FAQ,2000,3490,3350
1290,12 Jun 18,Indore,Indore,Soyabean,Yellow,FAQ,2000,3370,3250
1295,14 Jun 18,Indore,Indore,Soyabean,Yellow,FAQ,2000,4805,3350
1299,15 Jun 18,Indore,Indore,Soyabean,Yellow,FAQ,2000,3440,3370
1301,16 Jun 18,Indore,Indore,Soyabean,Yellow,FAQ,2000,3475,3360
1303,18 Jun 18,Indore,Indore,Soyabean,Yellow,FAQ,2000,3460,3370
1307,19 Jun 18,Indore,Indore,Soyabean,Yellow,FAQ,2000,3495,3350
1311,20 Jun 18,Indore,Indore,Soyabean,Yellow,FAQ,2000,3420,3350
1317,25 Jun 18,Indore,Indore,Soyabean,Yellow,FAQ,2000,3405,3300
1321,26 Jun 18,Indore,Indore,Soyabean,Yellow,FAQ,2000,3940,3500
1325,27 Jun 18,Indore,Indore,Soyabean,Yellow,FAQ,2000,3455,3350
1329,28 Jun 18,Indore,Indore,Soyabean,Yellow,FAQ,2000,3515,3400
1332,29 Jun 18,Indore,Indore,Soyabean,Yellow,FAQ,2000,3700,3400
1335,30 Jun 18,Indore,Indore,Soyabean,Yellow,FAQ,2000,3480,3350
1338,2 Jul 18,Indore,Indore,Soyabean,Yellow,FAQ,2000,3600,3400
1342,3 Jul 18,Indore,Indore,Soyabean,Yellow,FAQ,2000,3465,3350
1346,4 Jul 18,Indore,Indore,Soyabean,Yellow,FAQ,2000,3455,3350
1350,5 Jul 18,Indore,Indore,Soyabean,Yellow,FAQ,2000,3440,3350
1354,6 Jul 18,Indore,Indore,Soyabean,Yellow,FAQ,2000,3465,3350
1357,7 Jul 18,Indore,Indore,Soyabean,Yellow,FAQ,2000,3480,3350
1361,9 Jul 18,Indore,Indore,Soyabean,Yellow,FAQ,2000,3500,3350
1365,10 Jul 18,Indore,Indore,Soyabean,Yellow,FAQ,2000,3460,3350
1369,11 Jul 18,Indore,Indore,Soyabean,Yellow,FAQ,2000,3470,3350
1373,12 Jul 18,Indore,Indore,Soyabean,Yellow,FAQ,2000,3470,3350
1378,14 Jul 18,Indore,Indore,Soyabean,Yellow,FAQ,2000,3455,3350
1380,16 Jul 18,Indore,Indore,Soyabean,Yellow,FAQ,2000,3445,3350
1384,17 Jul 18,Indore,Indore,Soyabean,Yellow,FAQ,2000,3460,3350
1388,18 Jul 18,Indore,Indore,Soyabean,Yellow,FAQ,2000,3470,3350
1392,19 Jul 18,Indore,Indore,Soyabean,Yellow,FAQ,2000,3475,3350
1396,20 Jul 18,Indore,Indore,Soyabean,Yellow,FAQ,2000,3465,3350
1400,21 Jul 18,Indore,Indore,Soyabean,Yellow,FAQ,2000,3475,3350
1404,23 Jul 18,Indore,Indore,Soyabean,Yellow,FAQ,3250,3410,3370
1407,24 Jul 18,Indore,Indore,Soyabean,Yellow,FAQ,2850,3440,3350
1410,25 Jul 18,Indore,Indore,Soyabean,Yellow,FAQ,2750,3450,3350
1413,26 Jul 18,Indore,Indore,Soyabean,Yellow,FAQ,2850,3455,3340
1420,31 Jul 18,Indore,Indore,Soyabean,Yellow,FAQ,2000,3475,3350
1424,1 Aug 18,Indore,Indore,Soyabean,Yellow,FAQ,2000,3535,3400
1428,2 Aug 18,Indore,Indore,Soyabean,Yellow,FAQ,2000,3530,3400
1432,3 Aug 18,Indore,Indore,Soyabean,Yellow,FAQ,2000,3655,3400
1436,4 Aug 18,Indore,Indore,Soyabean,Yellow,FAQ,2000,3485,3400
1443,7 Aug 18,Indore,Indore,Soyabean,Yellow,FAQ,2000,3450,3350
1447,8 Aug 18,Indore,Indore,Soyabean,Yellow,FAQ,2000,3475,3300
1451,9 Aug 18,Indore,Indore,Soyabean,Yellow,FAQ,2000,3470,3300
1454,10 Aug 18,Indore,Indore,Soyabean,Yellow,FAQ,2000,3435,3300
1459,13 Aug 18,Indore,Indore,Soyabean,Yellow,FAQ,2000,3250,3250
1463,14 Aug 18,Indore,Indore,Soyabean,Yellow,FAQ,2000,3405,3250
1467,16 Aug 18,Indore,Indore,Soyabean,Yellow,FAQ,2000,3405,3300
1470,18 Aug 18,Indore,Indore,Soyabean,Yellow,FAQ,2000,3430,3200
1474,20 Aug 18,Indore,Indore,Soyabean,Yellow,FAQ,2000,3425,3310
1477,21 Aug 18,Indore,Indore,Soyabean,Yellow,FAQ,2000,3410,3300
1479,22 Aug 18,Indore,Indore,Soyabean,Yellow,FAQ,2000,3395,3300
1481,23 Aug 18,Indore,Indore,Soyabean,Yellow,FAQ,2000,3420,3300
1484,24 Aug 18,Indore,Indore,Soyabean,Yellow,FAQ,2000,3520,3350
1488,25 Aug 18,Indore,Indore,Soyabean,Yellow,FAQ,2000,3435,3250
1489,27 Aug 18,Indore,Indore,Soyabean,Yellow,FAQ,2340,3370,3300
1491,28 Aug 18,Indore,Indore,Soyabean,Yellow,FAQ,2000,3325,3200
1495,29 Aug 18,Indore,Indore,Soyabean,Yellow,FAQ,2000,3295,3200
1499,30 Aug 18,Indore,Indore,Soyabean,Yellow,FAQ,2000,3850,3850
1503,31 Aug 18,Indore,Indore,Soyabean,Yellow,FAQ,2000,3295,3200
1522,12 Sep 18,Indore,Indore,Soyabean,Yellow,FAQ,2000,3811,3200
1527,14 Sep 18,Indore,Indore,Soyabean,Yellow,FAQ,2850,3510,3370
1531,15 Sep 18,Indore,Indore,Soyabean,Yellow,FAQ,2000,3400,3250
1536,17 Sep 18,Indore,Indore,Soyabean,Yellow,FAQ,2000,3395,3250
1539,18 Sep 18,Indore,Indore,Soyabean,Yellow,FAQ,2000,3375,3250
1543,19 Sep 18,Indore,Indore,Soyabean,Yellow,FAQ,2000,3421,3250
1547,20 Sep 18,Indore,Indore,Soyabean,Yellow,FAQ,2000,3360,3200
1550,21 Sep 18,Indore,Indore,Soyabean,Yellow,FAQ,2000,3385,3200
1553,22 Sep 18,Indore,Indore,Soyabean,Yellow,FAQ,2000,3340,3200
1554,24 Sep 18,Indore,Indore,Soyabean,Yellow,FAQ,2000,3355,3200
1557,25 Sep 18,Indore,Indore,Soyabean,Yellow,FAQ,2000,3325,3200
1561,26 Sep 18,Indore,Indore,Soyabean,Yellow,FAQ,2000,3330,3200
1565,27 Sep 18,Indore,Indore,Soyabean,Yellow,FAQ,2000,3220,3050
1569,28 Sep 18,Indore,Indore,Soyabean,Yellow,FAQ,2000,3015,2930
1573,29 Sep 18,Indore,Indore,Soyabean,Yellow,FAQ,2300,3175,3000
1577,1 Oct 18,Indore,Indore,Soyabean,Yellow,FAQ,2300,3155,3000
1580,3 Oct 18,Indore,Indore,Soyabean,Yellow,FAQ,2500,3215,3000
1584,4 Oct 18,Indore,Indore,Soyabean,Yellow,FAQ,2500,3215,3000
1586,5 Oct 18,Indore,Indore,Soyabean,Yellow,FAQ,2500,3195,3000
1590,6 Oct 18,Indore,Indore,Soyabean,Yellow,FAQ,2500,3240,3000
1593,8 Oct 18,Indore,Indore,Soyabean,Yellow,FAQ,2500,3205,3000
1602,11 Oct 18,Indore,Indore,Soyabean,Yellow,FAQ,2500,3185,3000
1606,12 Oct 18,Indore,Indore,Soyabean,Yellow,FAQ,2500,3180,3000
1609,13 Oct 18,Indore,Indore,Soyabean,Yellow,FAQ,2500,3185,3000
1612,15 Oct 18,Indore,Indore,Soyabean,Yellow,FAQ,2500,3220,3000
1616,16 Oct 18,Indore,Indore,Soyabean,Yellow,FAQ,2500,3275,3100
1620,17 Oct 18,Indore,Indore,Soyabean,Yellow,FAQ,2500,3255,3100
1624,18 Oct 18,Indore,Indore,Soyabean,Yellow,FAQ,2500,3275,3100
1626,20 Oct 18,Indore,Indore,Soyabean,Yellow,FAQ,2500,3245,3100
1629,22 Oct 18,Indore,Indore,Soyabean,Yellow,FAQ,2500,3155,3000
1633,23 Oct 18,Indore,Indore,Soyabean,Yellow,FAQ,2500,3265,3100
1637,24 Oct 18,Indore,Indore,Soyabean,Yellow,FAQ,2500,3220,3100
1640,25 Oct 18,Indore,Indore,Soyabean,Yellow,FAQ,2500,3180,3000
1643,26 Oct 18,Indore,Indore,Soyabean,Yellow,FAQ,2500,3180,3050
1646,27 Oct 18,Indore,Indore,Soyabean,Yellow,FAQ,2500,3180,3050
1648,29 Oct 18,Indore,Indore,Soyabean,Yellow,FAQ,2500,3160,3050
1652,30 Oct 18,Indore,Indore,Soyabean,Yellow,FAQ,2500,3215,3100
1656,31 Oct 18,Indore,Indore,Soyabean,Yellow,FAQ,2500,3255,3100
1660,1 Nov 18,Indore,Indore,Soyabean,Yellow,FAQ,2500,3180,3050
1664,2 Nov 18,Indore,Indore,Soyabean,Yellow,FAQ,2500,3230,3100
1667,3 Nov 18,Indore,Indore,Soyabean,Yellow,FAQ,2500,3250,3150
1671,10 Nov 18,Indore,Indore,Soyabean,Yellow,FAQ,2500,4141,3100
1674,12 Nov 18,Indore,Indore,Soyabean,Yellow,FAQ,2500,3295,3100
1678,13 Nov 18,Indore,Indore,Soyabean,Yellow,FAQ,2500,3360,3200
1682,14 Nov 18,Indore,Indore,Soyabean,Yellow,FAQ,2500,3320,3200
1685,15 Nov 18,Indore,Indore,Soyabean,Yellow,FAQ,2500,3350,3200
1688,16 Nov 18,Indore,Indore,Soyabean,Yellow,FAQ,2500,3380,3200
1691,17 Nov 18,Indore,Indore,Soyabean,Yellow,FAQ,2500,3370,3200
1695,19 Nov 18,Indore,Indore,Soyabean,Yellow,FAQ,2500,3345,3200
1699,20 Nov 18,Indore,Indore,Soyabean,Yellow,FAQ,2500,3405,3250
1702,21 Nov 18,Indore,Indore,Soyabean,Yellow,FAQ,2500,3375,3200
1704,22 Nov 18,Indore,Indore,Soyabean,Yellow,FAQ,2500,3370,3240
1707,23 Nov 18,Indore,Indore,Soyabean,Yellow,FAQ,2500,3390,3200
1709,24 Nov 18,Indore,Indore,Soyabean,Yellow,FAQ,2500,3430,3250
1713,30 Nov 18,Indore,Indore,Soyabean,Yellow,FAQ,2500,3405,3300
1717,1 Dec 18,Indore,Indore,Soyabean,Yellow,FAQ,2500,3420,3250
1720,3 Dec 18,Indore,Indore,Soyabean,Yellow,FAQ,2500,3410,3280
1723,4 Dec 18,Indore,Indore,Soyabean,Yellow,FAQ,2500,3345,3250
1726,5 Dec 18,Indore,Indore,Soyabean,Yellow,FAQ,2500,3395,3250
1730,6 Dec 18,Indore,Indore,Soyabean,Yellow,FAQ,2500,3430,3200
1734,8 Dec 18,Indore,Indore,Soyabean,Yellow,FAQ,2500,3350,3260
1735,10 Dec 18,Indore,Indore,Soyabean,Yellow,FAQ,2500,3355,3270
1739,11 Dec 18,Indore,Indore,Soyabean,Yellow,FAQ,2500,3380,3220
1743,12 Dec 18,Indore,Indore,Soyabean,Yellow,FAQ,2500,3390,3270
1747,13 Dec 18,Indore,Indore,Soyabean,Yellow,FAQ,2500,3390,3250
1751,14 Dec 18,Indore,Indore,Soyabean,Yellow,FAQ,2500,3380,3250
1755,15 Dec 18,Indore,Indore,Soyabean,Yellow,FAQ,2500,3370,3250
1759,17 Dec 18,Indore,Indore,Soyabean,Yellow,FAQ,2500,3410,3275
1763,18 Dec 18,Indore,Indore,Soyabean,Yellow,FAQ,2500,3390,3250
1767,19 Dec 18,Indore,Indore,Soyabean,Yellow,FAQ,2500,3405,3270
1771,20 Dec 18,Indore,Indore,Soyabean,Yellow,FAQ,2500,3435,3350
1775,21 Dec 18,Indore,Indore,Soyabean,Yellow,FAQ,2500,3390,3320
1777,22 Dec 18,Indore,Indore,Soyabean,Yellow,FAQ,2500,3400,3300
1779,24 Dec 18,Indore,Indore,Soyabean,Yellow,FAQ,2500,3400,3340
1782,25 Dec 18,Indore,Indore,Soyabean,Yellow,FAQ,2500,3370,3300
1784,26 Dec 18,Indore,Indore,Soyabean,Yellow,FAQ,2500,3365,3270
1787,27 Dec 18,Indore,Indore,Soyabean,Yellow,FAQ,2500,3380,3280
1791,28 Dec 18,Indore,Indore,Soyabean,Yellow,FAQ,2500,3345,3250
1795,29 Dec 18,Indore,Indore,Soyabean,Yellow,FAQ,2500,3355,3250
1799,31 Dec 18,Indore,Indore,Soyabean,Yellow,FAQ,2500,3365,3250
1803,1 Jan 19,Indore,Indore,Soyabean,Yellow,FAQ,2500,3350,3250
1806,2 Jan 19,Indore,Indore,Soyabean,Yellow,FAQ,2500,3350,3250
1810,3 Jan 19,Indore,Indore,Soyabean,Yellow,FAQ,2500,3385,3250
1814,4 Jan 19,Indore,Indore,Soyabean,Yellow,FAQ,2500,3375,3250
1819,7 Jan 19,Indore,Indore,Soyabean,Yellow,FAQ,3290,3325,3290
1823,8 Jan 19,Indore,Indore,Soyabean,Yellow,FAQ,2500,3390,3300
1826,9 Jan 19,Indore,Indore,Soyabean,Yellow,FAQ,2500,3475,3345
1829,10 Jan 19,Indore,Indore,Soyabean,Yellow,FAQ,2500,3500,3385
1833,11 Jan 19,Indore,Indore,Soyabean,Yellow,FAQ,2500,3480,3330
1836,12 Jan 19,Indore,Indore,Soyabean,Yellow,FAQ,2500,3480,3350
1841,15 Jan 19,Indore,Indore,Soyabean,Yellow,FAQ,2500,3605,3470
1845,16 Jan 19,Indore,Indore,Soyabean,Yellow,FAQ,2500,3580,3440
1849,17 Jan 19,Indore,Indore,Soyabean,Yellow,FAQ,2500,3650,3500
1853,18 Jan 19,Indore,Indore,Soyabean,Yellow,FAQ,2500,3700,3600
1857,19 Jan 19,Indore,Indore,Soyabean,Yellow,FAQ,2500,3745,3625
1862,21 Jan 19,Indore,Indore,Soyabean,Yellow,FAQ,2500,3825,3700
1866,22 Jan 19,Indore,Indore,Soyabean,Yellow,FAQ,2500,3830,3700
1873,24 Jan 19,Indore,Indore,Soyabean,Yellow,FAQ,2500,3810,3650
1877,25 Jan 19,Indore,Indore,Soyabean,Yellow,FAQ,2500,3855,3700
1882,28 Jan 19,Indore,Indore,Soyabean,Yellow,FAQ,2500,3920,3750
1886,29 Jan 19,Indore,Indore,Soyabean,Yellow,FAQ,2500,3975,3800
1890,30 Jan 19,Indore,Indore,Soyabean,Yellow,FAQ,2500,3900,3800
1894,31 Jan 19,Indore,Indore,Soyabean,Yellow,FAQ,2500,3935,3800
1901,2 Feb 19,Indore,Indore,Soyabean,Yellow,FAQ,2500,3910,3750
1908,5 Feb 19,Indore,Indore,Soyabean,Yellow,FAQ,2500,3875,3750
1912,6 Feb 19,Indore,Indore,Soyabean,Yellow,FAQ,2500,3800,3750
1917,8 Feb 19,Indore,Indore,Soyabean,Yellow,FAQ,2500,3835,3700
1919,9 Feb 19,Indore,Indore,Soyabean,Yellow,FAQ,2500,3830,3700
1921,11 Feb 19,Indore,Indore,Soyabean,Yellow,FAQ,2500,3810,3700
1925,12 Feb 19,Indore,Indore,Soyabean,Yellow,FAQ,2500,3765,3650
1929,13 Feb 19,Indore,Indore,Soyabean,Yellow,FAQ,2500,3815,3700
1933,14 Feb 19,Indore,Indore,Soyabean,Yellow,FAQ,2500,3830,3700
1937,15 Feb 19,Indore,Indore,Soyabean,Yellow,FAQ,2500,3840,3750
1940,16 Feb 19,Indore,Indore,Soyabean,Yellow,FAQ,2500,3780,3650
1944,18 Feb 19,Indore,Indore,Soyabean,Yellow,FAQ,2500,3790,3700
1946,19 Feb 19,Indore,Indore,Soyabean,Yellow,FAQ,2500,3830,3700
1949,20 Feb 19,Indore,Indore,Soyabean,Yellow,FAQ,2500,3835,3700
1952,21 Feb 19,Indore,Indore,Soyabean,Yellow,FAQ,2500,3830,3700
1956,22 Feb 19,Indore,Indore,Soyabean,Yellow,FAQ,2500,3795,3700
1960,23 Feb 19,Indore,Indore,Soyabean,Yellow,FAQ,2500,3770,3650
1963,25 Feb 19,Indore,Indore,Soyabean,Yellow,FAQ,2500,3780,3670
1966,26 Feb 19,Indore,Indore,Soyabean,Yellow,FAQ,2500,3745,3650
1970,27 Feb 19,Indore,Indore,Soyabean,Yellow,FAQ,2500,3685,3500
1974,28 Feb 19,Indore,Indore,Soyabean,Yellow,FAQ,2500,3650,3500
1978,1 Mar 19,Indore,Indore,Soyabean,Yellow,FAQ,2500,3655,3500
1982,2 Mar 19,Indore,Indore,Soyabean,Yellow,FAQ,2500,3665,3500
1986,5 Mar 19,Indore,Indore,Soyabean,Yellow,FAQ,2500,3745,3625
1992,7 Mar 19,Indore,Indore,Soyabean,Yellow,FAQ,2500,3750,3600
1996,8 Mar 19,Indore,Indore,Soyabean,Yellow,FAQ,2500,3710,3600
1999,9 Mar 19,Indore,Indore,Soyabean,Yellow,FAQ,2500,3720,3600
2008,14 Mar 19,Indore,Indore,Soyabean,Yellow,FAQ,2500,3720,3600
2011,15 Mar 19,Indore,Indore,Soyabean,Yellow,FAQ,2500,3770,3600
2015,16 Mar 19,Indore,Indore,Soyabean,Yellow,FAQ,2500,3740,3600
2019,18 Mar 19,Indore,Indore,Soyabean,Yellow,FAQ,2500,3735,3600
2023,19 Mar 19,Indore,Indore,Soyabean,Yellow,FAQ,2500,3735,3600
2027,20 Mar 19,Indore,Indore,Soyabean,Yellow,FAQ,2500,3730,3600
2031,22 Mar 19,Indore,Indore,Soyabean,Yellow,FAQ,2500,3745,3600
2034,23 Mar 19,Indore,Indore,Soyabean,Yellow,FAQ,2500,3775,3600
2035,26 Mar 19,Indore,Indore,Soyabean,Yellow,FAQ,2500,3750,3600
2038,27 Mar 19,Indore,Indore,Soyabean,Yellow,FAQ,2500,3735,3600
2041,28 Mar 19,Indore,Indore,Soyabean,Yellow,FAQ,2500,3765,3650
2044,29 Mar 19,Indore,Indore,Soyabean,Yellow,FAQ,2500,3740,3650
2052,2 Apr 19,Indore,Indore,Soyabean,Yellow,FAQ,2500,3780,3650
2056,3 Apr 19,Indore,Indore,Soyabean,Yellow,FAQ,2500,3800,3650
2059,4 Apr 19,Indore,Indore,Soyabean,Yellow,FAQ,2500,3810,3700
2063,6 Apr 19,Indore,Indore,Soyabean,Yellow,FAQ,3500,3880,3700
2065,8 Apr 19,Indore,Indore,Soyabean,Yellow,FAQ,3500,3840,3720
2069,9 Apr 19,Indore,Indore,Soyabean,Yellow,FAQ,3550,3850,3700
2073,10 Apr 19,Indore,Indore,Soyabean,Yellow,FAQ,3500,3850,3750
2077,11 Apr 19,Indore,Indore,Soyabean,Yellow,FAQ,2500,3800,3725
2081,12 Apr 19,Indore,Indore,Soyabean,Yellow,FAQ,2500,3830,3730
2084,15 Apr 19,Indore,Indore,Soyabean,Yellow,FAQ,2500,3835,3730
2087,16 Apr 19,Indore,Indore,Soyabean,Yellow,FAQ,2500,3840,3730
2090,20 Apr 19,Indore,Indore,Soyabean,Yellow,FAQ,2500,3800,3700
2092,22 Apr 19,Indore,Indore,Soyabean,Yellow,FAQ,2500,3795,3700
2095,23 Apr 19,Indore,Indore,Soyabean,Yellow,FAQ,2500,3805,3700
2099,24 Apr 19,Indore,Indore,Soyabean,Yellow,FAQ,2500,3820,3700
2103,25 Apr 19,Indore,Indore,Soyabean,Yellow,FAQ,2500,3805,3700
2107,26 Apr 19,Indore,Indore,Soyabean,Yellow,FAQ,2500,3785,3700
2110,27 Apr 19,Indore,Indore,Soyabean,Yellow,FAQ,2500,3820,3700
2112,29 Apr 19,Indore,Indore,Soyabean,Yellow,FAQ,2500,3765,3700
2116,30 Apr 19,Indore,Indore,Soyabean,Yellow,FAQ,2500,3765,3700
2118,1 May 19,Indore,Indore,Soyabean,Yellow,FAQ,2500,3760,3650
2120,2 May 19,Indore,Indore,Soyabean,Yellow,FAQ,2500,3735,3600
2124,3 May 19,Indore,Indore,Soyabean,Yellow,FAQ,2500,3695,3600
2127,6 May 19,Indore,Indore,Soyabean,Yellow,FAQ,2500,3675,3600
2130,7 May 19,Indore,Indore,Soyabean,Yellow,FAQ,2500,3665,3600
2132,8 May 19,Indore,Indore,Soyabean,Yellow,FAQ,2500,3695,3600
2136,9 May 19,Indore,Indore,Soyabean,Yellow,FAQ,2500,3790,3650
2140,10 May 19,Indore,Indore,Soyabean,Yellow,FAQ,2500,3815,3740
2143,11 May 19,Indore,Indore,Soyabean,Yellow,FAQ,2500,3800,3700
2144,13 May 19,Indore,Indore,Soyabean,Yellow,FAQ,2500,3785,3630
2148,14 May 19,Indore,Indore,Soyabean,Yellow,FAQ,2500,3795,3650
2152,15 May 19,Indore,Indore,Soyabean,Yellow,FAQ,2500,3865,3750
2156,16 May 19,Indore,Indore,Soyabean,Yellow,FAQ,2500,3890,3750
2159,17 May 19,Indore,Indore,Soyabean,Yellow,FAQ,2500,3890,3750
2162,20 May 19,Indore,Indore,Soyabean,Yellow,FAQ,2500,3790,3650
2164,21 May 19,Indore,Indore,Soyabean,Yellow,FAQ,2500,3770,3650
2167,22 May 19,Indore,Indore,Soyabean,Yellow,FAQ,2500,3795,3650
2170,23 May 19,Indore,Indore,Soyabean,Yellow,FAQ,2500,3795,3650
2173,24 May 19,Indore,Indore,Soyabean,Yellow,FAQ,2500,3800,3700
2177,25 May 19,Indore,Indore,Soyabean,Yellow,FAQ,2500,3790,3700
2179,27 May 19,Indore,Indore,Soyabean,Yellow,FAQ,2500,3800,3730
2183,28 May 19,Indore,Indore,Soyabean,Yellow,FAQ,2500,3785,3700
2187,29 May 19,Indore,Indore,Soyabean,Yellow,FAQ,2500,3800,3700
2191,30 May 19,Indore,Indore,Soyabean,Yellow,FAQ,2500,3810,3700
2194,31 May 19,Indore,Indore,Soyabean,Yellow,FAQ,2500,3805,3700
2197,1 Jun 19,Indore,Indore,Soyabean,Yellow,FAQ,2500,3805,3715
2201,4 Jun 19,Indore,Indore,Soyabean,Yellow,FAQ,2500,3870,3700
2204,5 Jun 19,Indore,Indore,Soyabean,Yellow,FAQ,2500,3725,3640
2206,6 Jun 19,Indore,Indore,Soyabean,Yellow,FAQ,2500,3735,3650
2210,7 Jun 19,Indore,Indore,Soyabean,Yellow,FAQ,2500,3785,3650
2213,8 Jun 19,Indore,Indore,Soyabean,Yellow,FAQ,3350,3690,3600
2215,10 Jun 19,Indore,Indore,Soyabean,Yellow,FAQ,2500,3850,3650
2219,11 Jun 19,Indore,Indore,Soyabean,Yellow,FAQ,3450,3650,3550
2222,12 Jun 19,Indore,Indore,Soyabean,Yellow,FAQ,2500,3735,3650
2226,13 Jun 19,Indore,Indore,Soyabean,Yellow,FAQ,2500,3710,3660
2230,14 Jun 19,Indore,Indore,Soyabean,Yellow,FAQ,2500,3750,3640
2233,15 Jun 19,Indore,Indore,Soyabean,Yellow,FAQ,2500,3745,3650
2244,21 Jun 19,Indore,Indore,Soyabean,Yellow,FAQ,3250,3610,3500
2247,24 Jun 19,Indore,Indore,Soyabean,Yellow,FAQ,2500,3650,3560
2251,25 Jun 19,Indore,Indore,Soyabean,Yellow,FAQ,2500,3680,3600
2255,26 Jun 19,Indore,Indore,Soyabean,Yellow,FAQ,2500,3660,3575
2259,27 Jun 19,Indore,Indore,Soyabean,Yellow,FAQ,2500,3780,3650
2263,28 Jun 19,Indore,Indore,Soyabean,Yellow,FAQ,2500,3700,3570
2267,29 Jun 19,Indore,Indore,Soyabean,Yellow,FAQ,3400,3680,3570
2271,1 Jul 19,Indore,Indore,Soyabean,Yellow,FAQ,2500,3715,3620
2275,2 Jul 19,Indore,Indore,Soyabean,Yellow,FAQ,2500,3715,3620
2278,3 Jul 19,Indore,Indore,Soyabean,Yellow,FAQ,2500,3605,3520
2282,4 Jul 19,Indore,Indore,Soyabean,Yellow,FAQ,2500,3620,3565
2286,5 Jul 19,Indore,Indore,Soyabean,Yellow,FAQ,2500,3610,3500
2290,6 Jul 19,Indore,Indore,Soyabean,Yellow,FAQ,2500,3595,3500
2294,8 Jul 19,Indore,Indore,Soyabean,Yellow,FAQ,2500,3645,3480
2298,9 Jul 19,Indore,Indore,Soyabean,Yellow,FAQ,2500,3400,3300
2302,10 Jul 19,Indore,Indore,Soyabean,Yellow,FAQ,2500,3490,3400
2306,11 Jul 19,Indore,Indore,Soyabean,Yellow,FAQ,2500,3510,3400
2310,12 Jul 19,Indore,Indore,Soyabean,Yellow,FAQ,2500,3530,3450
2316,15 Jul 19,Indore,Indore,Soyabean,Yellow,FAQ,2500,3750,3570
2320,16 Jul 19,Indore,Indore,Soyabean,Yellow,FAQ,2500,3625,3500
2324,17 Jul 19,Indore,Indore,Soyabean,Yellow,FAQ,2500,3610,3530
2328,18 Jul 19,Indore,Indore,Soyabean,Yellow,FAQ,2500,3620,3530
2332,19 Jul 19,Indore,Indore,Soyabean,Yellow,FAQ,2500,3600,3560
2335,20 Jul 19,Indore,Indore,Soyabean,Yellow,FAQ,2500,3570,3500
2340,22 Jul 19,Indore,Indore,Soyabean,Yellow,FAQ,2500,3595,3500
2344,23 Jul 19,Indore,Indore,Soyabean,Yellow,FAQ,2500,3570,3500
2348,24 Jul 19,Indore,Indore,Soyabean,Yellow,FAQ,2500,3580,3500
2352,25 Jul 19,Indore,Indore,Soyabean,Yellow,FAQ,2500,3580,3500
2356,26 Jul 19,Indore,Indore,Soyabean,Yellow,FAQ,2500,3575,3500
2362,29 Jul 19,Indore,Indore,Soyabean,Yellow,FAQ,2500,3575,3500
2366,30 Jul 19,Indore,Indore,Soyabean,Yellow,FAQ,2500,3555,3500
2369,31 Jul 19,Indore,Indore,Soyabean,Yellow,FAQ,2500,3520,3470
2374,2 Aug 19,Indore,Indore,Soyabean,Yellow,FAQ,2500,3535,3450
2378,3 Aug 19,Indore,Indore,Soyabean,Yellow,FAQ,2500,3555,3450
2382,5 Aug 19,Indore,Indore,Soyabean,Yellow,FAQ,2500,3535,3480
2386,6 Aug 19,Indore,Indore,Soyabean,Yellow,FAQ,2500,3525,3450
2389,7 Aug 19,Indore,Indore,Soyabean,Yellow,FAQ,2500,3520,3450
2392,8 Aug 19,Indore,Indore,Soyabean,Yellow,FAQ,2500,3550,3475
2395,9 Aug 19,Indore,Indore,Soyabean,Yellow,FAQ,2500,3615,3500
2400,13 Aug 19,Indore,Indore,Soyabean,Yellow,FAQ,2500,3620,3500
2404,14 Aug 19,Indore,Indore,Soyabean,Yellow,FAQ,2500,3650,3500
2408,16 Aug 19,Indore,Indore,Soyabean,Yellow,FAQ,2500,3610,3500
2412,17 Aug 19,Indore,Indore,Soyabean,Yellow,FAQ,2500,3650,3530
2417,19 Aug 19,Indore,Indore,Soyabean,Yellow,FAQ,2500,3650,3550
2421,20 Aug 19,Indore,Indore,Soyabean,Yellow,FAQ,2500,3670,3550
2425,21 Aug 19,Indore,Indore,Soyabean,Yellow,FAQ,2500,3645,3550
2429,22 Aug 19,Indore,Indore,Soyabean,Yellow,FAQ,2500,3670,3550
2432,23 Aug 19,Indore,Indore,Soyabean,Yellow,FAQ,2500,3650,3550
2435,26 Aug 19,Indore,Indore,Soyabean,Yellow,FAQ,2500,3680,3550
2439,27 Aug 19,Indore,Indore,Soyabean,Yellow,FAQ,2500,3700,3600
2443,28 Aug 19,Indore,Indore,Soyabean,Yellow,FAQ,2500,3755,3650
2447,29 Aug 19,Indore,Indore,Soyabean,Yellow,FAQ,2500,3710,3600
2452,31 Aug 19,Indore,Indore,Soyabean,Yellow,FAQ,2500,3730,3600
2459,3 Sep 19,Indore,Indore,Soyabean,Yellow,FAQ,2950,3695,3600
2463,4 Sep 19,Indore,Indore,Soyabean,Yellow,FAQ,2500,3730,3600
2467,5 Sep 19,Indore,Indore,Soyabean,Yellow,FAQ,2500,3720,3600
2471,6 Sep 19,Indore,Indore,Soyabean,Yellow,FAQ,2500,3710,3600
2474,7 Sep 19,Indore,Indore,Soyabean,Yellow,FAQ,2500,3720,3600
2478,9 Sep 19,Indore,Indore,Soyabean,Yellow,FAQ,2500,3715,3600
2481,10 Sep 19,Indore,Indore,Soyabean,Yellow,FAQ,2500,3720,3600
2484,11 Sep 19,Indore,Indore,Soyabean,Yellow,FAQ,2500,3840,3750
2489,13 Sep 19,Indore,Indore,Soyabean,Yellow,FAQ,2500,3885,3725
2495,16 Sep 19,Indore,Indore,Soyabean,Yellow,FAQ,2500,3905,3825
2499,17 Sep 19,Indore,Indore,Soyabean,Yellow,FAQ,2500,3905,3830
2503,18 Sep 19,Indore,Indore,Soyabean,Yellow,FAQ,2500,3920,3830
2506,19 Sep 19,Indore,Indore,Soyabean,Yellow,FAQ,2500,3900,3750
2509,20 Sep 19,Indore,Indore,Soyabean,Yellow,FAQ,2500,3880,3750
2513,21 Sep 19,Indore,Indore,Soyabean,Yellow,FAQ,2500,3900,3750
2518,23 Sep 19,Indore,Indore,Soyabean,Yellow,FAQ,2500,3925,3800
2522,24 Sep 19,Indore,Indore,Soyabean,Yellow,FAQ,2500,4000,3900
2526,25 Sep 19,Indore,Indore,Soyabean,Yellow,FAQ,2500,4075,3900
2530,26 Sep 19,Indore,Indore,Soyabean,Yellow,FAQ,3000,4170,4100
2534,27 Sep 19,Indore,Indore,Soyabean,Yellow,FAQ,3000,4230,4100
2540,30 Sep 19,Indore,Indore,Soyabean,Yellow,FAQ,3000,4375,4200
2544,1 Oct 19,Indore,Indore,Soyabean,Yellow,FAQ,3000,4230,4000
2549,3 Oct 19,Indore,Indore,Soyabean,Yellow,FAQ,3000,4220,3900
2553,4 Oct 19,Indore,Indore,Soyabean,Yellow,FAQ,3000,4185,3800
2561,7 Oct 19,Indore,Indore,Soyabean,Yellow,FAQ,3000,4190,3600
2564,8 Oct 19,Indore,Indore,Soyabean,Yellow,FAQ,3000,4165,3600
2567,9 Oct 19,Indore,Indore,Soyabean,Yellow,FAQ,3000,4125,3500
2570,10 Oct 19,Indore,Indore,Soyabean,Yellow,FAQ,3000,4040,3600
2574,11 Oct 19,Indore,Indore,Soyabean,Yellow,FAQ,3000,4005,3600
2580,14 Oct 19,Indore,Indore,Soyabean,Yellow,FAQ,2000,3890,3500
2584,15 Oct 19,Indore,Indore,Soyabean,Yellow,FAQ,2500,3880,3500
2588,16 Oct 19,Indore,Indore,Soyabean,Yellow,FAQ,2500,3745,3500
2592,17 Oct 19,Indore,Indore,Soyabean,Yellow,FAQ,2500,3900,3500
2596,18 Oct 19,Indore,Indore,Soyabean,Yellow,FAQ,2500,3860,3500
2600,19 Oct 19,Indore,Indore,Soyabean,Yellow,FAQ,2500,3825,3500
2605,21 Oct 19,Indore,Indore,Soyabean,Yellow,FAQ,2050,3800,3500
2609,22 Oct 19,Indore,Indore,Soyabean,Yellow,FAQ,2500,3770,3500
2613,23 Oct 19,Indore,Indore,Soyabean,Yellow,FAQ,2500,3740,3500
2617,24 Oct 19,Indore,Indore,Soyabean,Yellow,FAQ,2500,3735,3500
2624,30 Oct 19,Indore,Indore,Soyabean,Yellow,FAQ,2500,4751,3500
2628,31 Oct 19,Indore,Indore,Soyabean,Yellow,FAQ,2500,3850,3500
2632,1 Nov 19,Indore,Indore,Soyabean,Yellow,FAQ,2500,3910,3500
2636,2 Nov 19,Indore,Indore,Soyabean,Yellow,FAQ,2500,3930,3600
2641,4 Nov 19,Indore,Indore,Soyabean,Yellow,FAQ,2500,3980,3600
2645,5 Nov 19,Indore,Indore,Soyabean,Yellow,FAQ,2500,4000,3600
2649,6 Nov 19,Indore,Indore,Soyabean,Yellow,FAQ,2500,3970,3600
2656,8 Nov 19,Indore,Indore,Soyabean,Yellow,FAQ,2500,4055,3700
2662,11 Nov 19,Indore,Indore,Soyabean,Yellow,FAQ,2500,3980,3700
2665,12 Nov 19,Indore,Indore,Soyabean,Yellow,FAQ,2500,3970,3600
2668,13 Nov 19,Indore,Indore,Soyabean,Yellow,FAQ,2500,4070,3700
2672,14 Nov 19,Indore,Indore,Soyabean,Yellow,FAQ,2500,4060,3700
2676,15 Nov 19,Indore,Indore,Soyabean,Yellow,FAQ,2500,3990,3700
2680,16 Nov 19,Indore,Indore,Soyabean,Yellow,FAQ,2500,3965,3700
2685,18 Nov 19,Indore,Indore,Soyabean,Yellow,FAQ,2500,4005,3700
2689,19 Nov 19,Indore,Indore,Soyabean,Yellow,FAQ,2500,3950,3700
2693,20 Nov 19,Indore,Indore,Soyabean,Yellow,FAQ,2500,3975,3800
2697,21 Nov 19,Indore,Indore,Soyabean,Yellow,FAQ,2500,4075,3800
2704,23 Nov 19,Indore,Indore,Soyabean,Yellow,FAQ,2500,4030,3800
2708,25 Nov 19,Indore,Indore,Soyabean,Yellow,FAQ,2500,4150,3800
2714,27 Nov 19,Indore,Indore,Soyabean,Yellow,FAQ,2500,3975,3750
2718,28 Nov 19,Indore,Indore,Soyabean,Yellow,FAQ,2500,3940,3750
2722,29 Nov 19,Indore,Indore,Soyabean,Yellow,FAQ,2500,4080,3800
2726,30 Nov 19,Indore,Indore,Soyabean,Yellow,FAQ,2500,4055,3800
2730,2 Dec 19,Indore,Indore,Soyabean,Yellow,FAQ,2500,4035,3800
2733,3 Dec 19,Indore,Indore,Soyabean,Yellow,FAQ,2500,4045,3800
2736,4 Dec 19,Indore,Indore,Soyabean,Yellow,FAQ,2500,4060,3800
2739,5 Dec 19,Indore,Indore,Soyabean,Yellow,FAQ,2500,4070,3800
2742,6 Dec 19,Indore,Indore,Soyabean,Yellow,FAQ,2500,4055,3800
2743,7 Dec 19,Indore,Indore,Soyabean,Yellow,FAQ,2500,4125,3900
